0,1,2,3,4,5,6,7,8,9,10,11,12,13,14,15,16,17,18,19,20,21,22,23,24,25,26,27,28,29,30,31,32,33,34,35,36,37,38,39,40,41,42,43,44,45,46,47,48,49,50,51,52,53,54,55,56,57,58,59,60,label,ABOF,avg,mod_avg,mod_ABOF
7.496673017999999,-15.69505124,-9.576377518,6.788461775,-16.68626681,3.472448875,-13.17348405,-19.61382996,-9.853162436,8.479784024,8.511695102000001,-1.756794494,5.6676149989999995,-7.76940477,-0.36883213600000003,0.194653025,6.12717987,4.3577212560000005,-3.858152097,-13.31090853,1.200056206,-14.86326275,-19.25184268,-4.240620697,1.9504527319999998,-19.6409923,-17.14075893,-1.814281302,-5.1011829639999995,-8.342790875,-18.85219781,-15.13981641,-6.0112483789999995,-18.23802457,-16.24748977,7.122745672000001,-9.113971965,8.579494427,0.43065106799999997,-18.69267334,8.097185415,6.086055592999999,-19.00429748,1.441371107,-13.60534974,-1.766391056,-12.05262072,-4.220564539,3.785332752,-19.78691255,-7.818777167,7.309417024,-0.600307378,-8.832389767,4.223700528,-7.344719436,-17.14147034,3.919623332,5.304486671,-13.34184483,1,1,47.271368844863154,7.902500352542406,7.902500352542406,2.2713688448631544
-1.412324685,-6.863513495,-10.45283041,-17.13690275,8.121097717,-17.9464186,5.069647395,-19.07874246,-15.9056473,-15.93792173,-2.415403981,3.813996035,-17.25422189,5.124995601,-11.34319925,-6.489113142000001,-17.01717596,-3.572333198,-13.35059242,6.991833085,-9.031274156,-7.511627998,-19.2624215,-0.9104073840000001,3.139000558,-18.04274952,5.434465216,-2.897880935,-9.988227607,-19.65561035,0.96266454,-3.0930551989999997,-1.928599797,-15.93605601,-3.874816973,8.985308236,-11.46986808,-13.20135832,-16.06124281,-17.10122309,-7.942317588,-17.75143069,-19.5881968,-16.41791931,-18.42922023,-17.12394699,4.540190165,-15.50095374,9.12703955,3.5098719739999997,-18.02894958,-6.861143918,-4.483340536,6.997009305,-11.58686309,7.944803349,-18.86663138,-15.30584992,9.007661905,-11.321276800000001,1,1,39.64770384957789,6.295845343257557,6.295845343257557,9.647703849577887
5.070704307,-11.05705021,-13.588017800000001,-16.26299548,-1.894259092,-14.12092705,-15.49001356,-11.26554884,-13.478370199999999,-3.2718198789999997,-10.18521102,0.7894735390000001,-5.155344273,-4.721640715,-1.188312883,-18.5408859,-11.96406551,-4.564634355,0.450447459,-4.715090806,-5.615487449,-9.494073415,-2.9014491939999996,-14.85868439,-19.29730093,-7.413455293999999,-13.8715682,-17.44323886,-1.543663944,0.22749588699999998,2.429349141,-3.480760609,-12.70850889,-11.88615624,1.50711395,-18.41424042,-3.57059808,-5.383292786,1.839473914,-14.83896581,-18.30594764,-5.327853353,-9.010773002999999,-9.889356156,-9.23208716,5.523712475,1.981116434,-17.61718129,-14.88663808,7.752781613,-18.06872298,-15.93216953,-7.937964244,-4.140724572,-8.72112002,-5.237045349,-13.76512129,-6.327506874,-2.1267462569999998,-9.116571687,1,1,53.02101639400621,7.106323040391164,7.106323040391164,8.02101639400621
8.789016856,1.0199649,5.095497635,5.15829829,2.139189214,-9.809015792,1.095402533,-17.60848088,-17.16626178,2.285376784,9.273135138999999,6.718474347999999,-5.590502015,-14.51886408,-4.003338063999999,4.444310195,-15.3087695,2.989209575,6.75573671,-12.70505055,-5.181577249,-17.90122882,-7.791015728,-4.129051129,-9.115603969,-13.44682504,0.9504374520000001,-15.37598258,-7.436713944,-0.801333383,0.412177443,-8.560499912000001,1.897855204,-11.21238851,7.422464265,5.26188706,-10.30533044,5.290040427,-3.038198232,-4.243013609,6.977812642999999,-10.21560487,6.634678727000001,-0.7673616790000001,-9.803624257000001,-5.91482276,-11.45340244,-5.340073638,2.65889073,1.585576422,-4.633703736,8.870421183,-18.98278526,-13.355932500000002,8.220648836,-10.18823505,-19.51414652,-4.715990378,-17.69295597,1.7014381180000002,1,1,53.36006615595269,8.287263591210623,8.287263591210623,8.360066155952687
4.442192078,-7.998397897,-1.8806671130000001,-15.2001908,-17.20544902,2.0836963330000002,-4.693701035,-14.46244211,-16.98119527,-18.97152623,-0.509582454,2.9030040489999998,6.982318331,2.319181302,-3.1073750280000003,9.024655755,6.195755567999999,3.570804163,-19.92536762,7.41510357,-4.765199668,-13.51192837,-10.51449746,-1.89236262,-9.54498642,-13.29637542,0.12587566,-16.30575697,-4.854274125,-11.97539849,4.4417880610000005,2.3548027119999997,-6.159017355,6.332020512000001,-5.582081632,-17.815071600000003,-0.52841471,-6.010124003,-7.349819747000001,-14.27847465,-4.56371693,7.543462133999999,-5.2802045810000005,-15.79879436,5.997822605,-4.024963805,6.4382182320000005,-12.0709228,0.9151445690000001,8.880406589,-2.7995483269999997,3.555750255,5.316592868,-7.054065596,-10.61791139,-4.050050665,-9.948043198999999,3.6660371169999997,3.195776941,-17.38315588,1,1,57.97653715598916,8.398015268977822,8.398015268977822,12.976537155989163
5.0264789819999995,-4.84514457,-19.89141146,-16.06296548,-17.44750109,3.39226023,-12.60013654,-9.392373167,-7.759181905,1.55868479,-5.013279792,-10.88821302,-7.875391744,6.655967907000001,-16.38120592,-4.140708076,-1.9672544719999998,3.556402795,0.328757959,-5.144622646,-11.57806938,-0.790015056,-14.39135327,-4.864878956,7.791406265,8.550673912,3.561925788,-3.8945553860000004,-17.89845687,2.653454984,-10.84657876,-17.84207138,9.057833433999999,-6.39488899,-15.89694502,-6.780789802999999,-1.002152844,-6.28281287,0.514574579,0.491537299,2.442416162,6.768805706,9.605388567,-7.0906614029999995,-8.909327711,2.80444911,-4.83436615,5.950265468,7.5829080929999995,3.2776373810000003,6.261884732,-14.94261675,5.1055880060000005,0.9997643340000001,0.457873435,-4.966839593,-19.54638093,3.584402012,-12.10492438,-12.10576429,1,1,53.03932367617958,8.899465213801738,8.899465213801738,8.039323676179578
1.585500271,-8.414868726,-0.885344081,-4.885914401,-6.672701516,-6.547773362,-15.65666415,3.3368687919999998,7.7112732610000005,-12.83279946,-5.39505552,-3.983487277,-11.74754367,-9.342650902,-12.20145768,1.460935405,-4.12050852,-9.657765433,4.720735057,-2.73630457,-1.6324715580000002,-10.35518042,-0.8705922759999999,-5.083515445,4.102182885,3.8545919060000005,-1.523503602,-19.22227835,-4.158891157,-14.36355982,-11.784616,-1.563818481,6.266947066,-1.93590035,-5.874242224,-10.08445683,-18.70167011,-16.75911012,-11.35854691,-16.59484068,-15.15274353,-15.77880896,-14.952740900000002,-17.03630541,6.763124402000001,8.473771725,-0.396646412,4.9804854380000005,-17.16876646,-2.427644641,-10.48780245,-14.79902574,-7.034545347000001,6.896056219,-12.99270103,-6.531706817000001,5.258012592,-4.259740628,2.944338283,2.4152889440000003,1,1,46.495833728608254,7.79015454592692,7.79015454592692,1.495833728608254
-6.164673116,-11.15537979,-19.12309625,3.110261344,-8.775771956,-19.77201089,8.407458018,-14.21442468,-3.6168233260000004,5.227265733,-4.336065673,2.180828216,-14.12734126,3.842154329,-16.44647026,0.9104598209999999,-11.77968588,-9.329232149,-10.28427374,1.721848726,6.6250669360000005,-12.4519929,-12.46345421,-3.395387936,-1.3203672309999999,1.6034258469999998,-9.9124449,-18.87977153,-2.120560379,-10.33247043,-17.29568387,-7.087073449,-5.915619342,-14.04822018,5.796833197000001,-8.541976885,-9.72750025,0.553449168,-10.24178602,-2.231782071,3.585420071,2.344460184,-11.22373824,-3.811116105,8.043658295,8.218419526,-11.03806185,-17.61187877,9.664153836,-1.288497926,-8.014196762000001,-6.114009664,-3.275285372,5.327491457,-11.22034921,-15.26305514,-4.704012001000001,-8.662380458,-16.49598324,6.352502822999999,1,1,49.67062244856558,7.884069746723622,7.884069746723622,4.670622448565581
-8.251597875,-8.584028749,-6.566373801,-17.75641571,-10.56230302,1.434044625,9.692913741,-11.4040587,8.70791176,-17.26991675,7.964702872,-17.0649258,-17.97375788,2.026134271,7.449105179,-9.794748211,0.154284472,-17.72591579,-19.80097483,-12.53027914,1.922457195,7.788756536,-19.53227423,3.3450968910000003,-19.75066135,3.1745969769999998,3.6428657739999997,6.876688165,-2.587417025,-1.3938932080000002,-7.785891617000001,0.505216484,-11.47668022,2.7349554339999997,7.027249185,-1.125077667,-4.591501453999999,-12.88609944,-4.222900813,-19.29578343,-0.833525693,-3.2311308260000002,-12.2011524,9.648645802,-8.847132582,-14.84989044,-16.89540941,-12.11550481,-12.10861449,4.55459012,2.493605599,5.1850805939999995,7.2902007289999995,-17.08788278,-1.052053986,-19.04695113,5.333433442,9.448833797999999,-14.04387238,9.518490109,1,1,34.11334376852311,7.187159855196333,7.187159855196333,4.113343768523109
-17.22157918,-11.71894568,-2.548525691,4.9507963010000005,-3.05798771,-3.270383546,3.073384439,9.630112319,-14.47553332,-15.67394641,-6.103747806,1.471810576,-16.72894904,-1.802764601,-19.24115409,-15.86313755,7.952113851,-8.594301658,-10.5831127,-12.33561843,-18.68786748,-14.455615700000001,7.987934253,-15.60642595,-18.19706693,4.5034929219999995,7.3007374689999995,8.59049676,1.204152465,-3.125422271,5.932074452999999,4.551469807,-2.935454102,-9.467583689,4.760748233,-5.400186333,-10.66470948,-4.327604945,8.455410077,3.894422801,-16.87536441,-2.889480786,-11.23112313,-15.99870127,-17.91345155,-12.23514704,-10.44996769,-15.9907448,0.226230047,6.621800613,-13.95908874,-3.871624621,5.580556798,3.84860777,6.48588769,-11.06870081,-11.81450123,-0.13733315599999998,-4.834661276,-13.59146936,1,1,33.96922381574916,7.123317397870636,7.123317397870636,3.96922381574916
0.420688433,6.7089903710000005,4.801651372,-6.091553219,-6.934359501,-2.181104861,-7.542984639,2.670299041,-2.726406791,8.81774251,-9.93739259,-1.0214397290000001,3.306990496,10.16505902,3.214740522,7.001452539,7.388891414,1.510330619,-10.49390522,-8.253655388,4.909788804,-1.4502189559999998,-0.85758458,-8.908348308999999,3.9905451739999998,4.608554683,-8.877657605,-0.464381111,0.749168547,3.364290666,-2.595880202,-4.667169125,1.279905694,6.02111448,-7.429095922999999,7.539247349,-1.5420460619999998,6.560533734,-6.69475573,-5.0241304410000005,2.131664075,8.432938513,0.588668423,4.566953445,1.523141141,-8.676819818,-3.0256929610000003,1.9100058819999999,-4.281453602,0.7281843809999999,-3.4987751719999998,-1.468104817,-6.890548597,9.230824219,2.452278754,-7.571115257000001,-0.17325386399999998,1.493969673,-4.351741302,0.674342364,0,0,388.6417025216883,64.14055869448507,4.140558694485065,13.641702521688273
1.225681002,5.270144807,2.754112306,-4.677945938,-7.551766722999999,-4.911601922,-6.817162894,3.45333561,-4.641001267,8.204665508,-10.45601287,-0.250064629,2.0229199380000003,8.235855522,2.240778198,7.657418537000001,7.624894417,2.1438568719999997,-10.48835352,-9.726812169,5.299066335,-1.563474001,-1.7876192709999998,-9.420111905,4.25184598,3.757045839,-8.460757333,0.17898703800000001,0.7403611170000001,4.877266482,-2.517878969,-4.20627795,2.022994204,4.558648323,-6.5211298929999995,8.061664063,-3.151192672,7.12620908,-5.510252401,-4.597993733,1.828597754,8.560251229,1.3886091580000002,4.506897059,0.8130906609999999,-8.330091675,-2.466302226,2.398131731,-4.375829427,-0.171615273,-4.482173469,-1.862245641,-5.552614417000001,7.99298715,2.9720013769999998,-6.579249972,1.7838630530000001,2.2891756169999997,-3.8669565710000002,0.31226731,0,0,349.63279327617505,59.525251913663986,14.525251913663986,4.63279327617505
-0.18892690199999998,6.218965541,3.292206554,-5.067103803,-7.342269245,-3.0784264589999997,-7.391786432999999,2.450335122,-3.070646299,7.648340298,-9.821006621,-2.108255585,3.254071984,9.520563108,3.522973143,6.284998579,9.741171762999999,2.110762443,-10.22819524,-8.180841733,4.934884519,-1.337157309,-1.814897866,-8.943797047,5.354733832,4.684656265,-9.960376245,-1.054301021,2.351491304,6.794557411,-2.091099946,-4.640123987,3.13475916,6.649104169,-8.914435205,7.102204352,-2.653388416,7.963700746000001,-6.359812267000001,-2.414528663,4.020488635,9.403908769,2.3008142000000005,3.999451872,1.8255208980000002,-10.033420399999999,-3.195957405,2.572486299,-4.271278634,-0.395516476,-3.562351086,-2.699741405,-6.908247224,8.695219267999999,2.7917198610000002,-6.366334458,-0.014272861999999999,2.6454226480000003,-5.167438605,2.0750915169999997,0,0,309.3960425410299,64.84093169182557,4.840931691825574,9.396042541029885
3.553987238,6.430848823,4.626673952,-3.508542587,-5.144239076,-1.1698507740000001,-7.207614832999999,2.677359908,-1.454362879,8.982010226,-7.022745241,0.404116849,1.8068743440000001,10.39543468,3.8507681760000003,8.819020305,10.353632199999998,3.7219280510000003,-8.498040853,-7.564586115,4.714329879,0.235462018,-1.434187338,-8.933151413,6.0101593829999995,4.758315645,-8.622658037999999,1.225477808,2.520587396,4.507090018,-2.315976963,-2.061059458,3.88235727,7.296288132999999,-5.709157602,7.986962429,0.45301240600000003,7.389441566,-4.122204049,-2.037897317,3.4009690630000002,8.458331838,2.253672812,5.58867917,3.0154494960000005,-7.582126864,-1.099797587,4.4748579180000005,-3.8296343910000004,0.075026897,-1.0275182440000001,-0.8284773740000001,-5.33105193,9.479260233,3.2823127989999996,-4.3708389080000005,1.91091919,3.806135323,-3.5813876789999997,2.057121399,0,0,287.05911289604353,59.67634926936144,14.676349269361438,2.05911289604353
0.431584323,8.095353317999999,4.370844212,-2.854445229,-7.19874242,-1.541750827,-6.713947462,2.107526388,-3.305739008,9.833536593,-7.1770958160000005,0.715786907,1.9957758840000002,9.005020347,2.7563069789999997,8.48534087,10.82775733,3.4108061239999996,-10.08054164,-7.528656568,5.048142271000001,-0.248771231,-1.5534152630000002,-8.659456909,4.469281794,4.888052613,-8.341516018,0.518115781,3.260678993,6.073310905,-1.081286062,-4.5833708589999995,3.241202429,6.740365146,-7.343609548,7.218030204,-0.7602190759999999,7.3668047439999995,-6.026384569,-4.053352809,2.81542153,10.71082602,2.6923877089999997,5.040311276000001,1.634173277,-8.492898374,-2.9495139710000005,2.363247454,-4.068278233,-0.5589129070000001,-1.97232727,-0.6324688270000001,-5.371858432000001,9.854843862000001,2.3534066030000003,-5.12250822,2.182821636,3.444556098,-4.305981776,1.5362690380000001,0,0,272.0880728873115,68.19646564983938,8.196465649839382,2.0880728873115117
1.38217754,6.156384199,3.434463371,-4.68091631,-6.718282843,-2.143253428,-6.302101737,2.630753468,-0.633960411,8.321453585,-9.586945735,0.801284639,5.297683435,10.08926835,2.42614988,8.721184663999999,9.981666258999999,1.927977144,-9.982627937,-6.971761255,5.204199801000001,-1.270583148,-0.361174011,-8.945376588,4.841748235,5.223845328,-8.679591499999999,-0.710421105,3.348490523,6.9233857489999995,-1.3365929140000001,-3.076650553,2.952047855,6.371042087999999,-6.11349638,7.53329732,-1.648835199,6.750032762000001,-4.246487589,-4.898912492,1.993519593,8.625001807,2.305189571,6.247110802000001,2.7883516860000004,-8.599495424,-1.9461716519999999,4.297742451,-1.745386589,-1.048048598,-2.556071241,-1.476630726,-6.321335111000001,9.590174526,3.299640717,-5.925898666,1.324419872,3.9248427710000002,-3.043781599,1.1569944079999999,0,0,272.65023663979906,65.87167443784291,5.871674437842913,2.6502366397990613
1.084581737,6.506084397,4.683734596,-3.939477524,-6.263166992,-2.770622542,-6.230911964,1.6518343480000002,-2.829720062,10.7225675,-9.520743845,2.04793243,2.8904762230000003,9.722006647,4.082133867,8.740521306,8.987388362999999,2.810061435,-9.850881241,-8.386133923,5.223274598,-0.01298325,-0.666276291,-8.331533906,6.29341751,5.265996815,-8.913394006,1.249945375,2.481269091,6.88327444,-1.701402175,-2.796272369,3.951299844,7.458448187999999,-6.534426637,7.982646879,-1.556588975,7.973811225,-4.189624703,-2.9705324689999997,4.14565647,10.65457857,0.9387210290000001,5.342616164,3.64462119,-8.83422298,-1.8506636369999998,3.534670853,-3.16586238,-1.715544714,-1.428416845,-0.216086697,-5.325603491,10.76325168,2.764246758,-6.053293357,2.562662392,3.3155189910000002,-4.190754147,1.751238672,0,0,298.4841562136572,65.61057520375836,5.6105752037583585,13.484156213657172
3.6552874930000003,9.827747025,5.643500952999999,-3.0511029219999997,-4.433568289,0.39885866600000003,-5.757166305,3.3235770139999996,-1.466904508,10.93305645,-8.273316487999999,3.5727286289999998,7.231378107,11.30052409,5.07573185,12.06943027,11.94800279,6.668057926,-5.8847827310000005,-5.091291447,8.024104022000001,0.7281453059999999,0.8118698809999999,-5.657192996,8.305897001,7.1881957320000005,-5.637434651,1.936359045,4.088458333,8.048355571,-0.292189412,-2.542132983,3.710136393,8.391581713999999,-4.271351033999999,11.25201556,0.8779220059999999,10.00690226,-4.7613741439999995,-1.0846933159999999,5.568054562,10.99411051,4.105556991,7.266813842,3.754586532,-6.1097051570000005,0.538489914,6.199800667000001,-0.014033107,1.652750856,-1.7972260130000002,1.716894879,-3.7460352039999996,11.48165262,5.4937091979999995,-4.177630188,2.430411064,4.21915488,-0.868390962,2.010680299,0,0,118.33854551214492,29.346356699215676,14.346356699215676,13.338545512144918
2.011444135,5.130199835,4.411895726,-4.115709096000001,-6.737126329,-2.421526603,-7.9921133520000005,2.791167558,-3.258906767,9.52803032,-9.303563697000001,-0.114003387,2.2514646380000003,7.377627409,3.889170149,7.531274323,8.420776963,1.3465734719999998,-10.06755776,-8.165685574,4.472627307,-2.424682104,-0.795563018,-9.451670242999999,5.273187966,4.826929562,-7.612561877,-0.929997317,1.4867867380000002,6.424501477000001,-2.2257929030000003,-3.271609249,1.645812878,5.730243913,-7.074976587,7.935294976000001,-0.747868845,5.627782095,-6.715310978,-2.627741575,2.943575281,7.839087714,1.815566925,5.0450211860000005,2.269831447,-9.775004151000001,-2.468270951,3.980721552,-3.4659133030000002,-0.729601741,-4.403739269,-0.435291683,-6.9290142779999995,9.940382825,0.945621968,-7.2599010470000005,0.040928702000000004,1.878488485,-4.214081945,1.60020934,0,0,306.2743020406593,66.47659760250316,6.476597602503162,6.274302040659279
2.796017842,8.87371179,5.886204004,-2.446706974,-4.191575872,-1.086032895,-6.207660454,2.789674562,-0.8321078409999999,9.800753027999999,-7.319963339,1.86169871,5.4327782120000006,10.81130912,4.266427925,9.859737242000001,10.04294458,4.495099516,-8.67414951,-8.025790485,6.227248402000001,0.9702853770000001,0.6541903029999999,-7.474279502000001,6.348665167,6.7824321770000005,-6.5998090220000005,1.195265279,2.1405441880000002,7.052277761,-0.701484945,-3.879484128,4.096424377,9.26161817,-6.324184417000001,7.8399257570000005,1.127872705,8.078048722,-5.129928561,-1.275210316,3.5529459439999997,11.64450192,3.233110978,5.977590857,3.821517809,-6.852116972999999,-0.553918545,3.885770121,-2.654365571,0.42284848,-1.060512278,0.44557372799999995,-4.979134867,11.03048259,3.547350068,-5.302222853,1.980646886,4.696169247,-1.7678690259999998,2.675055039,0,0,324.62100870528496,47.673712986747084,2.673712986747084,9.621008705284964
3.2904548510000002,8.474123108999999,5.54241479,-3.0065981510000004,-4.06804707,-0.833742071,-5.503438367,3.453284483,-0.886837416,8.633778387000001,-9.88083211,2.0893842780000003,5.086342385,10.81673087,5.7948968270000005,9.883473515,10.94561378,5.488628239,-7.04143334,-6.395107414,6.517288081,2.131972139,0.16696446199999998,-6.77861143,7.222365165,6.73834882,-7.342336681,1.107889161,3.894953666,6.999174011,-0.34073029899999996,-2.9853691510000004,3.8409429630000003,8.179791655,-6.722614354,9.668424061,0.8771972240000001,8.197321647999999,-4.46057653,-0.692029786,3.874571272,11.38967173,4.388019304,7.1396617010000005,3.824569771,-6.376637468999999,-0.817172621,4.331792401,-1.7608792580000001,0.515689931,-0.458770897,1.604022918,-3.959892356,10.49239643,5.061088926,-5.094790972,2.2284106009999998,4.081834234,-1.5339402469999999,3.104190863,0,0,254.28397180067034,40.68849130301634,10.688491303016342,14.283971800670344
-0.233354411,6.455739167000001,2.802325377,-6.568735847,-9.130716741,-3.9834303110000002,-9.005096567,0.9649219609999999,-4.159076879,7.1651256189999994,-11.64672541,-0.86779132,0.9621617090000001,7.859096005,2.3279547959999998,5.644576772000001,7.509148833999999,0.571409637,-11.60637016,-9.998953958,3.586432986,-1.491393914,-3.112255492,-10.31855097,2.770391215,3.640630517,-10.32780888,-1.290495888,-0.365415024,3.76925356,-3.030892754,-4.177916026,0.687149625,5.058823444,-8.366188527,7.468602357999999,-2.8399843989999995,5.798607142000001,-7.264128027000001,-4.778244045,2.455128225,7.462472967,1.19535042,3.675903323,-0.67896691,-11.27347536,-4.267801196000001,1.167757109,-5.812642584,-1.477602122,-6.145811922,-3.095466403,-7.293659795,7.847731723,0.45834087700000004,-7.711364916,-0.84578484,2.44277312,-5.575496629,-0.01315453,0,0,400.56820063234954,42.11900900061016,12.119009000610163,10.568200632349544
0.796006826,6.348276275,3.3073291339999997,-6.8320411,-7.895252479,-2.466078079,-8.270676925,1.341043872,-4.44647522,7.1155892220000005,-10.2501486,-0.072261945,2.527091946,7.874994908,2.262349017,6.484602937000001,8.846914101,3.415085373,-10.40798092,-8.016184126,3.672802172,-1.499558959,-1.520154575,-8.725819764,4.559056921,3.8094528039999997,-10.07615397,-1.946396945,2.6269742000000003,5.317216958,-3.536297486,-4.16554975,-0.195719785,4.540862285,-8.547790812999999,6.217529722999999,-1.33651449,5.7991464310000005,-7.12472954,-4.19031192,1.699695476,9.104380908,1.2144116120000001,4.12855499,1.725846107,-9.144773573,-3.370081165,2.131287707,-5.1068637830000005,-0.6156482879999999,-4.88645688,-2.652164693,-8.657316363,9.42885045,0.8258033090000001,-7.362784704,0.15444178,2.746927473,-4.092925902,-1.2581627709999998,0,0,423.64191268822526,55.389064930509846,10.389064930509846,3.6419126882252613
0.31281648,6.383959115,3.44334993,-4.528256314,-7.7400197429999995,-3.234210853,-7.202410764,1.8359266440000002,-3.3699716160000004,7.096551268,-9.970426049,-0.16814926300000002,3.983373486,7.80346554,2.18969503,7.843222482000001,9.456232886,1.768310703,-10.80580106,-10.05264837,3.435652305,-0.843031676,-1.17353075,-8.708665249,5.082797069,4.950989977,-10.746182199999998,-1.035612612,2.919310312,5.110546977,-2.28003485,-4.093761721,2.482298455,6.142426753,-7.018606113,8.04429641,-3.370547488,6.290050701,-5.568961384,-3.967049872,2.7515652910000004,8.425909599,2.311984223,4.371266747,1.254394313,-8.419414036000001,-3.303643161,1.754465908,-5.985207762999999,-2.0431358019999997,-5.343775776,-2.380488939,-7.343626528,10.44789734,1.859339082,-7.148381765,-0.124900709,1.4170172540000001,-3.856877218,-0.26722626899999996,0,0,376.26247625070926,61.183119980270256,1.1831199802702557,1.2624762507092555
0.071488073,6.733958244,3.111316931,-4.368784882,-6.6624026679999995,-2.586272091,-6.131762972000001,0.993338432,-2.532229147,10.38868746,-9.70576733,0.840715381,3.075657361,9.46394415,2.601987149,8.320492642,8.283897426000001,2.60235444,-9.874855697000001,-9.932962479,5.702229806,-1.143293959,-0.08473793800000001,-8.519287967,6.33698679,5.1101519380000004,-8.739775539,-0.41418144700000004,1.261530868,5.869577099999999,-2.7147946,-3.318252165,2.701596015,6.557761856,-6.718041334,7.98611006,-1.470414281,7.059176626,-6.837394017,-3.482157195,3.3560343639999997,8.847140493,2.151131374,5.891309466,2.114143543,-8.849895134,-2.644288173,3.247806031,-5.490068891,-2.358378525,-4.349234052,-2.036123236,-5.937492275,8.518580425,1.612919129,-5.409180544,1.085673468,3.3697204530000002,-3.5202833630000003,0.040628849,0,0,260.58484694699786,66.42894570926482,6.4289457092648234,5.584846946997857
2.493685621,8.605220815,3.202859624,-2.207822789,-5.574909285,-0.5351196579999999,-4.909220481,4.318796231,-1.3926248140000002,8.849793173,-7.948462074,0.358074585,4.241073841,10.38775374,4.98235459,9.033276848,10.29976859,4.8166881880000005,-9.365641397000001,-6.5050649289999996,5.290814104,-0.276188308,0.09057353800000001,-7.106278454,5.25330753,6.14314891,-8.747254671,0.079317893,4.34464791,6.466411846000001,0.269774273,-2.7701598130000002,3.251236359,7.25343095,-6.646496565,8.476166059,-0.440204176,9.027360527999999,-5.281226806,-1.832920525,4.914623703999999,10.21879402,3.4242625060000003,5.912635295,3.854569203,-8.030621539,0.650815766,3.7453179469999998,-3.122114406,0.001156649,-2.467313835,-0.75696307,-5.062096813999999,10.11249684,2.766184125,-5.612017576,2.476634462,4.206595799,-2.217296715,1.89537658,0,0,369.34404564777066,55.41282966746401,10.41282966746401,9.344045647770656
-0.5318806460000001,6.28398347,3.218368613,-5.854523086,-9.458163137,-5.452595577,-8.69952658,0.01645331,-5.794191516000001,7.357297269,-11.16254539,-0.845444217,2.210847935,8.573614857,2.20110606,6.327847215,7.081743611,0.7828901359999999,-11.4894254,-8.948885342,4.323955153,-3.4698643369999997,-3.481135733,-10.13264231,5.130020878,3.0546597639999997,-9.828045831,-0.498053577,0.8178496390000001,3.565336266,-3.8200821069999997,-5.303885192,0.303007688,4.618134425,-9.94806893,7.483571183,-2.902364419,6.397769921,-7.2051396510000005,-5.735022231,1.094114684,7.476640056,1.022312652,2.157366503,1.096288722,-10.31364404,-3.2752210180000003,1.720359328,-4.306573138,-1.563301281,-4.036032515,-2.233465916,-7.761582421,7.958257902000001,-0.15329304400000002,-7.660518346,-0.499773509,1.829499102,-4.346085400000001,-1.209048581,0,0,351.65414195687384,41.49643521936943,11.496435219369431,6.654141956873843
-0.07280192,7.196377667,3.342113921,-6.333441026,-8.842007326000001,-3.686119767,-8.232016772,2.90294208,-3.282732451,10.28671804,-10.64168168,0.063778764,2.269384371,8.329953575,1.068647446,6.867880651,8.52499769,1.8461676980000001,-12.21255787,-7.943537398999999,5.159064354,-3.193536832,-2.781407195,-7.749560709,3.3460944639999997,5.351036012,-8.951091096,-0.852173847,0.964566131,4.197402766000001,-4.175838325,-4.1302631110000005,2.82398218,6.076686852000001,-7.7281759889999995,7.8626572779999995,-0.978992677,6.759498431,-6.561991056,-3.411613604,2.6951809260000004,8.340765246,0.637550246,4.011481318,2.399890724,-8.751127955,-2.847708274,1.877249241,-3.9770557689999997,-1.822354297,-4.21117583,-2.631830147,-7.170757818999999,9.633624745,1.744644616,-7.376718249,-0.246573273,2.1802794530000003,-3.9514028139999997,-0.378752295,0,0,333.0013044933515,56.68883555856729,11.688835558567291,3.0013044933514834
3.6376977999999998,7.066462854,4.290834063999999,-5.885093792999999,-6.675295081,-2.813007432,-7.5828767379999995,2.879583769,-2.674356139,8.636388089,-9.288237684,-0.153425488,3.514586075,8.993479937,4.490390226000001,6.814520158,7.604275899,1.6980981990000001,-11.31653532,-8.122737311,4.701441397,-0.497628201,-0.194327055,-10.02338163,5.513652115,5.306403887,-7.172971822,-0.723340167,1.171809348,6.255310921,-3.3683877630000003,-3.649634776,2.124351545,6.31438305,-8.333635766,6.794307999,-1.005705248,7.3229578779999995,-5.510087632,-3.2479625569999997,2.9792634419999997,9.615577876,1.5888529619999998,5.449770147000001,1.2635035890000001,-8.70277816,-2.059606187,2.874480713,-2.776633752,1.229239103,-3.521814265,-2.121507119,-5.333710109,10.73964337,1.376552924,-6.233326288,1.028930773,4.91647634,-3.770128524,1.77518869,0,0,223.41473047928045,64.43545054813852,4.435450548138519,13.41473047928045
0.22127012899999998,6.478454081000001,4.080220113999999,-4.946528831,-6.834386404,-2.201702278,-7.645205974,1.957643164,-3.7853219869999997,8.531820406,-10.17925811,1.118600354,2.355539161,7.751804852999999,3.0538861280000003,7.62203443,9.547662671,2.253897435,-9.866589532,-8.733825976,4.677312168,-1.0526732490000001,-1.185664291,-7.144972489,5.036633601,5.496560017,-9.019397525,-0.035685996,1.112914624,4.369837401,-1.6882291280000001,-3.259804487,1.7440246369999999,6.127079118999999,-7.712328396,7.154588022,-1.129672533,6.88328196,-6.134339045,-4.502673045,3.699156093,9.053801898,2.7534419139999997,5.598856147999999,1.576882813,-8.122967136,-2.781677507,3.892101825,-3.350022187,-1.055570978,-2.629738535,-0.89463709,-6.958753731,10.00930171,2.169391321,-6.082935406,1.856722847,3.6132141030000002,-3.420619503,0.08603014,0,0,311.2286412431704,72.0497194549038,12.049719454903794,11.228641243170387
0.461384911,6.132604841,3.3793263239999995,-4.6496408780000005,-5.526271584,-3.1520810239999997,-8.6250934,1.1254372259999998,-4.091208348,8.549373852,-9.878983851000001,-1.7952649969999999,2.9118117530000003,9.235829616,2.595133078,6.4208338760000006,9.002009867,1.154109466,-10.27392697,-9.313270126,5.659640611,-1.2573557340000001,-2.6544625330000002,-7.951839341,4.71544292,5.486152001000001,-8.182853386,-1.704148355,2.8025348389999998,4.734206034,-1.5602604009999999,-3.609625617,2.830696583,5.808674237999999,-8.338690824,6.469349252000001,-1.31945518,6.369553181000001,-6.092069601,-3.119841371,3.167203748,9.469126111,1.020288604,4.112148768,1.121973955,-9.575404489,-2.735347349,1.829291479,-4.4532785210000005,-1.307919453,-3.623447171,-1.766809314,-6.696888072999999,8.500634393,1.073256357,-6.165088515,-1.05842856,3.314952748,-4.3889984769999995,0.70817413,0,0,387.16726676855154,64.55800077348292,4.558000773482917,12.167266768551542
1.5780980519999999,7.963947961000001,3.026303009,-4.834202147,-6.822339658,-3.577478913,-8.355819085,0.485234169,-2.8903246730000003,7.811400535,-10.67555389,0.40530024299999995,1.391009376,7.503797246,1.9471122019999998,9.153072645,9.117076524,1.031372738,-10.13466873,-7.119456652,5.346251336,-1.192107909,-2.778987768,-8.676580644,4.680600315,6.483095839,-8.00018262,-0.7709437729999999,2.172481893,5.887809125,-0.8145893559999999,-4.542074061,2.098140033,4.8162726,-7.056451061000001,7.442463503,-2.451189476,7.14624369,-5.692568037000001,-3.54573747,2.023614455,10.491429,1.207916133,5.389050386,1.211585582,-9.876921722999999,-1.546954252,2.086943512,-5.548949839,-1.141234554,-4.291371181000001,-1.610704395,-7.173887961,8.922826192,1.6929906030000001,-6.342734469,-0.099270593,1.7828746659999999,-4.321768547,0.657338573,0,0,321.9881182803012,62.77337663187629,2.773376631876289,6.988118280301194
2.233188708,7.76522889,4.986559416,-4.700703485,-4.199166153,-0.341647214,-5.312544256,3.686751739,-2.031482393,10.7378994,-8.509961119,0.092852129,4.653439292,10.71100503,4.737066992,10.5468052,10.27938516,4.123695737,-8.729587183,-6.233535626,5.870526422,0.465042911,0.707542491,-8.122065738,6.1310407520000005,6.285175700000001,-7.471348452000001,1.435897275,3.360888324,6.91310148,-0.695265254,-2.5818134219999997,4.878288347,7.727332103999999,-6.348915627999999,8.752778654,0.066824664,9.643967011,-4.6792503739999995,-2.128962693,4.156504743999999,10.31794155,2.720346195,5.869598384,4.68462954,-6.46626196,-1.9971431119999998,4.305158538,-2.064407222,2.011600666,-1.269542272,0.322796693,-3.246600411,10.8889761,5.760084892999999,-4.192357015,2.6354934969999997,3.536124493,-2.614763424,1.85636795,0,0,295.88250493952125,46.741389759318615,1.741389759318615,10.882504939521255
2.683831703,7.825782382000001,4.574029051,-4.637139572,-4.79710887,0.16841861,-6.346560264,5.8307274510000004,-3.3927043830000003,8.91336313,-8.898211446,3.342081802,2.971770968,10.36931115,3.600720346,8.072715306000001,10.30402919,2.7643081260000004,-7.798556838,-6.596223338,5.448780571,-1.051736081,0.211190656,-6.461293829,6.588833254,6.572979739,-7.66754025,-0.235897933,4.112636178,6.503055164,-1.427387461,-1.671267821,1.317756825,6.7888164710000005,-5.771034905,8.653058084,0.273470719,7.986547017,-3.956743673,-0.881321895,4.511040997,9.393465951,4.107208414,6.043301242,3.2604085360000004,-8.750448809,-0.852120205,2.977111184,-2.446344133,0.384108451,-3.051727287,-0.242854183,-5.420056979,11.19073801,3.65172377,-4.314998112,1.3511017180000002,2.816538047,-3.093441414,0.9726616309999999,0,0,296.6853565136878,53.81058668447671,8.81058668447671,11.685356513687793
1.28274135,9.144131633999999,3.55119877,-2.824879332,-5.437544687000001,-0.996673013,-4.4111306710000004,3.814212192,-1.8018378959999999,9.624379142,-8.817524179,2.9686822,4.648367112,10.14778923,4.485500547,8.747596688,10.10344647,3.9550550110000002,-9.293904402,-5.736863293,4.733511546,1.729388031,-0.562994846,-7.954025925,6.237039415,5.725718572000001,-7.704845575,2.1433092080000002,2.420319843,6.557349226,-0.7866142909999999,-1.450124864,3.49386379,7.417515596,-6.621105376,9.074239436000001,0.7028091190000001,8.390444803,-5.528500004,-1.861674803,3.5123495680000003,10.6809611,3.390919815,6.858801921,5.261758095,-7.51440821,-0.793650755,5.460142845,-2.526787686,2.118404934,-0.488282731,-0.064174318,-4.914663887,10.82424887,3.4982535660000003,-6.737612893,2.6319934959999998,6.078590964,-1.616762265,2.381963606,0,0,261.9280476176581,46.956924349834665,1.9569243498346651,6.9280476176580805
2.757402846,8.861619671,4.572819032,-3.310496441,-4.759350981,-1.4936172269999999,-6.232828972999999,4.026427916,-1.291277467,9.810648965,-8.975490718,0.9754024040000001,3.85535325,11.21791207,4.216196647,8.230008316000001,11.61644561,3.163047063,-8.493853462999999,-7.944355396000001,4.8185035019999995,0.10766842300000001,-0.333322827,-7.50836097,5.808403352000001,6.240275245,-8.240113804,0.263998927,3.3374873889999996,6.650750485,0.2110743,-3.10248695,5.195939215,8.517783131,-5.687166457999999,8.417017609,-0.867771834,8.441185586,-3.5007207960000004,-3.2127645769999997,5.727454425,10.68759577,1.911250621,5.235412971000001,3.517794075,-6.976976992000001,-1.0977460940000001,4.176705196,-1.0702873179999999,-0.834190102,-0.85281031,0.36548695,-4.041772055,10.39550925,5.128734112,-3.620904709,2.47202047,4.690760418,-3.502677305,2.079470928,0,0,303.0805420680689,50.265605803153505,5.265605803153505,3.080542068068894
0.8529766190000001,7.3542261170000005,6.044603822000001,-4.8165128,-6.5397307,-2.9780823780000003,-6.190919691,3.279235592,-3.5695996969999997,9.561899863999999,-10.01159187,1.193204229,5.505098779,8.893075385,3.854022758,7.480002169,9.398686919,3.610686039,-10.57248195,-8.52858329,4.575023799999999,-1.400866826,-1.830699815,-7.962773887999999,6.079469596,5.680016116,-9.954307213,-0.19019699199999998,2.724322822,6.231130628,-2.372470602,-3.8317515760000003,0.371880208,5.8635806939999995,-6.571473929,8.368888619,-0.563525235,7.907961942000001,-4.974911426999999,-2.744448887,3.960013505,9.387793325,2.531897239,3.5803318610000003,0.8381490770000001,-8.611967585,-1.005845404,2.6871493810000002,-2.078450364,-0.095582426,-4.244702138,-1.216216009,-7.0894318,10.64049813,3.287452074,-6.096277965,-0.122423257,2.272786027,-3.768892353,0.7116750079999999,0,0,229.51704400973594,65.23460337240738,5.234603372407378,4.51704400973594
2.603693003,7.513628067000001,4.860858628,-4.48574831,-7.030545755,-2.393157776,-7.55742076,4.585732402,-3.4088991539999998,9.09457258,-10.03120915,0.12738204,3.987747368,10.41590304,4.037534111,8.105826908,8.842580587999999,2.643483717,-10.88623735,-7.915604189,5.58668006,0.07059184,-0.96504971,-8.768094542,4.8220549660000005,5.5702265010000005,-8.916680291,-0.9669714159999999,1.8234449609999999,6.420519865,-1.99127479,-3.2989168710000003,2.303084969,5.213934173,-6.798283218,8.898498335,-1.459295255,7.2699628060000006,-6.128560171,-4.456407286,3.0851892210000003,8.37604532,3.02585801,5.067316999,3.273836718,-9.456844814,-2.271839976,3.3906010980000003,-3.8184364989999997,-0.832645298,-3.297032254,-1.615613739,-6.656865552999999,9.180412641,2.674344837,-6.169044414,1.187769963,2.851461108,-3.4989539310000004,0.853796818,0,0,272.99169959528865,71.60497522296988,11.604975222969884,2.991699595288651
1.2841062909999998,7.028934874,5.098895087,-4.731904433,-7.259132792999999,-2.916167078,-6.727532269,3.7972063510000003,-3.079248827,8.809989966,-8.077691782,1.415099411,4.416898066,7.850936032999999,4.336928325,9.231389976,9.378553972,2.953774842,-9.371199358,-7.575395244,4.966227346,-0.313923723,-0.121781695,-7.991371396,5.017937031000001,5.328516813999999,-9.260708721,-1.148944951,2.765892792,7.956901199,-1.189531286,-4.146963872,1.9820692469999999,5.512503669,-6.755535906,9.240117564,-1.8129447630000002,6.665016303,-3.6790193610000004,-2.617239262,2.2946095840000003,10.50112247,3.218191726,5.102488297,2.402812346,-8.285465528,-1.654724052,3.784072591,-2.488988977,0.535891812,-3.794806457,-0.37225591700000005,-5.705553772999999,10.53956477,2.8147255889999996,-6.43649774,0.23021761,3.1285757160000003,-4.004854173,1.590771564,0,0,284.6840017372622,68.04208709723139,8.042087097231388,14.684001737262179
0.671472776,8.176705402,4.8243135839999995,-4.442647958999999,-5.686140513,-2.0410929380000002,-8.362907574,4.48723674,-2.721614419,9.35306951,-8.943124347000001,0.435392633,4.9103271589999995,10.02359017,3.435460522,8.299436241,9.669632198,2.148117876,-9.625606783,-7.549054289,6.1538733070000005,1.2738564079999999,-1.3568304969999998,-7.361753263,6.1693131679999995,5.675085836,-7.587699729,-0.166891163,2.766090164,6.581212292999999,-1.702276085,-2.669561655,2.6522759909999998,7.280738556,-6.669755395,7.754775122000001,-0.212584567,7.102328442999999,-4.990649531,-2.915485693,4.3872318219999995,9.84591811,3.220386572,5.460338628,2.837793285,-7.889782902,-2.5726429459999998,1.532543196,-2.3387907830000003,0.48279139299999996,-3.5040712289999996,-0.655828017,-6.819841639,10.5439344,3.6401147860000003,-6.368310782000001,1.134975863,4.772986701000001,-3.534064344,1.913968383,0,0,323.07000151124527,66.58291762694844,6.5829176269484435,8.070001511245266
0.799313796,5.502878524,2.901411928,-4.8931754210000005,-6.3246841620000005,-2.13942706,-8.87095339,2.8458921260000003,-3.310156772,8.214779361,-8.634093096,0.239995065,2.1315835969999997,8.398120493,3.99878512,7.356014267999999,9.236966407999999,2.00606991,-11.51580359,-8.588010327000001,2.8197108280000003,-2.360994327,-1.8633757690000001,-9.676780792999999,5.746550397000001,5.769584251,-8.468406185,-0.7551143379999999,1.4424332359999998,4.919080496,-2.46967868,-4.2246231110000005,2.406644806,5.45292151,-7.374898885,8.144874096,-2.756797906,5.910252985,-6.123040906,-4.070640424,1.6576717230000002,8.420016774,0.39899435,4.268013811,-0.363454149,-9.119394418999999,-2.297975864,2.470810074,-4.491849229,-0.251680264,-3.7993872110000004,-2.51088757,-7.1582369429999995,8.599036109,2.907324282,-6.486363855,0.663382919,2.371027915,-5.962176259,0.66087641,0,0,392.35155335860435,61.97796535981671,1.9779653598167073,2.351553358604349
2.294935715,9.238242669,4.270326127,-4.6818638230000005,-5.8055449370000005,-1.6318368330000002,-5.029690805,3.937051373,-2.9913258860000003,10.14732385,-8.207471321,1.980316565,2.018977318,10.02837605,2.4696275880000003,8.236691836,8.71389934,3.1471805489999998,-9.105626922999999,-8.646614671,5.715135237999999,-0.128530968,-0.985004708,-6.80860098,5.625893222,6.670330231,-8.347278157,-0.257713387,3.190617172,6.8467508189999995,-2.47598294,-3.142461419,3.4803907999999995,7.488623079,-7.328734826,7.704360676,-0.06219246,8.311762700000001,-4.645848278,-2.252502347,4.150968904,10.929955699999999,3.28468578,4.893872928,3.223924663,-7.016392172000001,-1.777705325,4.324320755,-3.724796397,-0.62345593,-2.54201663,-0.946715324,-6.4571333310000005,11.22049393,2.978517783,-5.512903151000001,2.411627632,4.832814978,-3.8074958210000003,2.161385413,0,0,323.9855910170186,61.859225492516714,1.859225492516714,8.985591017018578
-1.20826105,7.372633857,1.899311385,-5.622855205,-7.391554638,-4.37237664,-9.301255614,1.7428352619999998,-5.963141842000001,6.222870753,-12.95394189,-0.349170122,0.0051459620000000005,6.839599952,1.4521888490000001,6.346705537,6.801067774,0.5532558439999999,-11.54611251,-9.867534985,4.664523159,-2.0844764,-2.3416762280000003,-9.448064119,3.385516431,2.411531009,-9.59746468,-1.8944280009999999,1.1311534490000001,2.989102781,-2.9771178060000003,-5.461909881,1.6655581380000002,5.597893896,-8.637776347,7.088432449,-2.555216268,4.560375768,-6.448757122999999,-4.969565365,2.151310168,8.228279928,2.0152510390000002,3.144315923,0.10241038699999999,-10.06640275,-3.940851771,1.893988553,-4.325335075,-1.389365756,-4.275295484,-2.991225028,-7.353741629,7.129009047,0.8889931409999999,-7.4467775739999995,-2.007527171,0.8548762990000001,-5.7514180999999995,-0.750470889,0,0,326.08847572580066,40.31487605147077,10.314876051470769,11.088475725800663
-0.097476635,4.541363789,1.288071768,-5.580271953,-8.399336661,-4.428818983999999,-8.270832633,0.11855488300000001,-4.680172289,7.1759064089999995,-10.91168518,-2.350498411,-0.41478392399999997,6.842248731000001,1.768829432,5.424577285,6.460207982999999,-0.262606038,-11.46517411,-10.71192276,2.645165479,-2.04962016,-2.744828635,-11.04392928,3.18472902,3.686831984,-9.611424193,-0.8194866690000001,0.69544253,3.147860765,-3.615539586,-5.845693772000001,0.088112631,4.2629112319999996,-8.963242097,6.738384016,-3.848683398,4.177225291,-7.373688596,-5.02664749,0.759052084,8.264524462999999,0.9356407520000001,3.5505550460000004,0.480111379,-11.12919861,-4.666543969,0.529224272,-6.424002076,-2.465426977,-4.307046188,-3.19926219,-7.3311310679999995,5.968316102,0.020205609,-9.024444456,-1.381663528,1.770603845,-5.950948231,-0.212310945,0,0,264.83157924254147,33.961875031604826,3.9618750316048263,9.831579242541466
1.277929568,7.086974797000001,3.295417327,-3.6656115660000004,-5.473973858,-1.762837431,-6.239818057999999,4.036242975,-2.305343326,8.250426623,-7.742778642,-0.974786268,3.45585192,10.76274544,3.4809666360000002,7.604827056,9.670367686,2.229046599,-10.36198937,-7.744705934,5.087114227,-0.330099075,-1.297380204,-9.58036794,6.49934246,6.279949524,-8.134300458,0.123311716,3.26208782,6.293661985,-1.4066270840000001,-2.821528812,2.8731342539999996,6.299108003,-7.394216036,6.639074400000001,-1.575323957,7.943501997,-5.953882132,-4.318928314,4.10775294,9.215031791,2.7021823780000003,4.58214168,2.578693656,-7.552824911,-0.858575491,2.349855366,-4.046666246,-1.469889809,-2.501772612,-1.035565132,-5.200875806,8.921059298,3.0489507999999996,-5.490093708,1.0301434409999999,3.280610807,-3.7746016860000005,0.623384713,0,0,270.28582531725385,68.04325423418658,8.043254234186577,0.2858253172538525
0.982367093,6.812294584,3.3320768419999998,-4.659770067,-6.288861715,-2.395255599,-7.61660138,2.468936621,-3.51170966,7.54847051,-9.441520752999999,0.084561284,3.922035087,8.48797573,3.22041207,8.585368366,8.841649403,1.235056254,-11.56669919,-9.292585435,4.627332643,-1.216747131,-0.768175272,-9.697655607,4.777639048999999,6.677839134,-10.196546099999999,-0.47725509,2.192069055,6.501330908,-1.447555985,-3.6440208139999997,1.394526054,6.6504624770000005,-6.358298137,8.948533607,-1.109081637,7.145844736,-5.683808288,-2.834268494,3.7966736819999998,10.157388099999999,3.2678535760000003,3.882563526,1.788912586,-8.616681516,-2.1144462219999998,3.183064082,-3.2829139460000003,0.585143966,-3.932927303,-2.433988776,-5.290674813,9.840682041,1.931968194,-7.1494167179999994,1.755634779,3.634082059,-4.97664224,1.3394442420000001,0,0,270.66371631582587,68.00603025975165,8.006030259751654,0.6637163158258659
-1.498323522,5.369452545,2.631815616,-5.61330055,-7.984915795,-4.03574962,-8.554556547,2.3736043540000002,-5.13673685,6.83387566,-10.81899761,-0.720231775,2.581168816,7.806381447000001,2.0225225819999997,7.2736628229999996,9.25417406,1.7941885180000001,-11.603755300000001,-9.218804453999999,3.4372361810000003,-0.990784982,-2.632833814,-9.433338428999999,2.6412730580000003,3.278217234,-10.71473184,-0.594451846,0.927251652,5.165842338,-1.95035829,-4.406657061000001,0.73451376,5.053451637,-8.755004973,7.192654478,-2.062731077,6.339402985,-7.708086311000001,-5.035061109,2.01468048,8.400328872000001,0.39289240700000005,3.915699131,1.299464835,-10.65453641,-4.090204441,3.0037665139999996,-5.143442406,-2.410589327,-4.1141380089999995,-0.8331655490000001,-7.312259295,9.117276901,1.428380907,-7.935363654,-0.046549485,2.1955421580000003,-5.703596788,0.856145165,0,0,454.88087221645316,50.85922564247921,5.85922564247921,4.880872216453156
1.161653176,4.846520518,3.901881426,-4.812390048,-6.632173242,-1.6519478719999998,-6.709902496000001,2.446888104,-2.7199977960000004,7.186524008999999,-9.014346344,-1.582968167,1.509600979,9.409762419,1.08952482,5.396800728,8.972426985,1.791536265,-10.66735866,-9.108027825,4.59074388,-1.467655841,-1.586692442,-10.95892333,4.770186387,2.939186077,-8.312613994,-1.855189921,2.277959736,4.677183363,-3.2685803589999995,-3.2579333960000003,3.09751363,7.199528523,-9.414333129,7.455849252999999,-2.708511969,6.699676622999999,-6.84595639,-2.880010341,2.439555515,8.618563398,0.585252644,3.138502993,1.146115929,-8.715464548,-2.26324447,2.304961354,-4.460594971,-2.206166975,-3.376277822,-0.91672682,-7.732539934,9.650338621,2.7798038789999997,-5.755957209,0.702511588,2.334821699,-4.598673636,1.211359973,0,0,300.4634056379247,56.39055794766789,11.390557947667887,0.46340563792472267
0.614069735,8.642457936,4.532902299,-3.6399472439999996,-5.010633524,-2.00434509,-6.74731313,2.110879089,-3.896236206,8.215921697999999,-9.050893382,0.5978211720000001,2.922475382,9.251880295,3.3017839999999996,9.253290352999999,9.607537217,3.4064262789999997,-8.760276719,-7.751298192,6.020630949,-2.055612706,-0.837224778,-9.176434477,6.3090790420000005,6.16056928,-9.777285994,0.959235921,1.6861062569999998,5.878667991,-1.488613009,-2.4900123819999997,1.786675548,6.999602247,-7.241045047999999,8.961414898,-0.7796790720000001,6.30649113,-6.623169887,-1.564825928,3.3693688139999995,9.665981171,1.741150142,5.593130256,2.770972965,-8.134925478,-1.705615281,4.357707404,-3.156580051,-0.831100339,-3.299953902,-0.287178304,-5.7884413210000005,10.33563899,2.26961714,-7.21735686,1.024397384,4.138797458,-3.367835505,1.176116808,0,0,297.39071763982685,68.72768037694958,8.727680376949579,12.390717639826846
2.079670567,8.152410227,3.668157962,-4.603303507,-6.328759592999999,-1.1775421240000001,-7.965821494,2.670952024,-2.42417053,7.995260526,-9.941860232,1.445805395,3.928973338,9.379932663,3.034200452,7.860952103,9.516088287999999,3.393965605,-9.425566675,-8.259849362999999,4.403740197,1.063801131,-1.235325921,-8.435455815,4.366058549,5.881099805,-9.421373676,-1.291295033,3.11342503,6.507393798,-2.148757647,-3.183670443,2.745055631,5.735058422000001,-7.244153486,8.602346907000001,-1.946655065,7.037732807,-5.451177406,-3.9737682660000004,3.028120631,11.25817932,2.249150797,3.6177881210000002,2.552921095,-9.558325112,-2.31137013,4.060634511,-2.214857517,0.009352906999999999,-3.615450001,-1.1814236329999999,-6.253006162,9.971106949,2.292158734,-7.354761093,0.575715429,3.29845083,-4.306612169,1.937772611,0,0,274.0938610448331,71.54781254981481,11.547812549814807,4.0938610448330905
1.257426353,5.771830173,4.527287666,-3.301865699,-6.075297409,-0.465545554,-6.992665796,3.6002376989999996,-2.7119565110000003,8.559731747999999,-8.770503411,0.525854277,2.856988411,8.967169337,3.224805625,8.237496832,8.491062227,1.3420400129999999,-10.55728395,-7.453907482000001,4.99552846,-1.377937716,-0.611356193,-8.762959977000001,5.645641062999999,5.2591016680000005,-8.009762377000001,0.024397261,1.4928109680000001,5.279553778,-1.406192769,-3.029240873,2.456283799,5.084989001,-7.21400151,7.760297939,-0.537448419,6.200729656,-5.7892174910000005,-3.440621955,3.437851373,8.699122542000001,2.6966269539999996,4.091816028,3.2473184610000003,-10.19024514,-1.0084951979999999,2.824211415,-3.346834392,1.3504548159999998,-1.5256119559999999,-0.848376142,-5.904783592999999,9.413484624,1.947080109,-7.264592971,1.2619762559999999,2.562859427,-4.372030685,0.6747713390000001,0,0,255.94311557488768,68.03651738189006,8.036517381890064,0.9431155748876847
1.7796596630000001,5.733480279,3.783894657,-5.058090175,-6.227756211,-2.090001975,-6.053441371,2.692489456,-1.505624897,8.198190496,-9.989329251000001,0.251557832,2.814462637,9.186007467,2.894410047,8.305107162,9.974696554,3.0896192030000003,-10.36264943,-6.230404801000001,4.758571131,0.076639366,-0.198966215,-7.622059139,5.3788539129999995,4.264682047,-8.079136842,0.337235644,2.861378375,6.278745542,-2.382454516,-3.115332703,4.185786557,6.751812193999999,-6.772095946,8.537203816,-2.804448687,8.143209416,-4.627179137,-4.727653905,2.385091349,9.428860886,2.562471324,5.532943484,3.400203064,-8.377158878,-2.426632978,3.6697822510000004,-2.7092632389999998,-0.780499602,-2.531983931,0.213361382,-6.808561468,10.23340515,2.401210221,-6.583578276,0.410094406,4.763409273,-3.1425753530000002,0.56516962,0,0,276.40400570738353,67.0768044801261,7.0768044801261,6.404005707383533
2.330859589,8.200835841,4.792597551,-2.946761417,-5.330759732,-1.276941428,-7.128241149,2.854322035,-1.825939119,10.1791687,-7.854958666,1.3893603719999998,4.9606811539999995,11.08356247,4.199091598,8.649321003999999,8.584764848999999,2.616015845,-9.504614548,-7.394769993,6.975562387999999,-2.163324736,0.5187041729999999,-6.01303313,7.70670176,7.316193681000001,-8.021038942,1.452739405,2.6895912810000002,5.803914248,-0.497486151,-3.2736960039999996,3.169795713,7.153124628,-5.978514189,8.686177783,0.48107963,8.082104643,-5.122047265,-1.736855246,5.3741032760000005,10.15206814,3.702100161,4.989144246,2.6880749710000003,-8.91566432,-2.039159819,3.121451234,-4.248515837,-0.32152989600000004,-1.449305769,-0.17577732199999999,-5.791810084,9.600182266000001,2.55075816,-3.9016337819999998,0.284565122,2.823517878,-2.435268437,1.72874781,0,0,309.5714842647984,55.53680466192378,10.536804661923782,9.571484264798414
1.168289383,7.91024326,3.7367052060000003,-4.3562718160000005,-8.169510512,-2.988016519,-7.762794292000001,1.244197247,-4.072843058,9.638132595,-10.41011552,0.933089623,2.062538441,7.159335556,2.31000583,8.162772809,9.11091122,1.943594332,-10.17723694,-6.6738904560000005,4.474411214,-2.140224926,0.150033652,-8.777091526,3.9771622719999997,5.638197458,-7.402910825,-0.14531655599999999,2.14720921,4.490657256,-2.879105775,-4.406023506,3.439411,5.929857716,-8.559668582,8.095316773,-1.167022703,6.512861486,-6.896201917000001,-2.7884677000000004,1.7601744719999999,8.700929837999999,1.9138373519999998,5.606606067,3.225340687,-10.01791554,-3.342468484,3.428719687,-5.724882121,-1.69214614,-5.361003032,-1.499345704,-6.077590551,9.139273196,1.235769411,-7.525212122,0.499505275,2.211133271,-4.862880166,0.341053826,0,0,287.28707066528943,60.973556906096874,0.9735569060968743,2.287070665289434
1.406286252,6.886993174,3.028878306,-4.545135032,-7.1149616689999995,-3.2969027769999997,-7.983601735,2.216431474,-3.0295263410000004,7.361264708999999,-10.87126397,-0.8137907670000001,1.653537029,8.027964629,1.875704399,8.557819607,8.054556596,1.910613633,-10.10161339,-8.780158341,3.2387996789999995,1.2048047659999999,-1.539323067,-9.168358601,3.3483191139999997,3.667934715,-10.20783544,-0.161667714,0.39018338,4.894214565,-4.003335916,-4.382602917,1.7955818780000001,7.197356578,-7.655153216,7.606546551,-1.30665968,6.070633955,-5.138665115,-3.578481754,1.51794798,8.826985257999999,1.9323241830000002,3.508074877,1.623856166,-8.773218681,-1.419266601,3.298645446,-4.156819569,-0.9020239659999999,-3.8418570560000003,-0.7809594609999999,-6.368813061,8.207684735,1.283918141,-6.468586672000001,0.95910439,3.805121962,-5.2551109039999995,0.7013797140000001,0,0,369.25617391620517,61.88507630038157,1.88507630038157,9.25617391620517
0.773288125,6.6459905610000005,4.3082383669999995,-4.721681076,-8.286994549,-2.6609932,-7.890234307,1.151101995,-2.395843527,7.264472476,-10.44607076,0.015513008,3.407947037,9.904758392,3.542778553,7.8813232310000005,9.008479988,1.4660512190000001,-10.91968653,-8.087128919,4.5750591510000005,-2.8994926580000002,-2.151270781,-7.472029196,4.701978375,5.109284207,-8.699485152000001,-0.120037941,2.2821574719999997,5.4528300220000006,-2.047697806,-4.539015118,1.0218285679999999,6.403409196,-7.196228732000001,7.161567136,-2.5985709519999998,5.317016268,-6.713539474,-4.156073948,2.155075563,9.616829678,1.561588896,5.001920837,1.88100654,-9.841702232000001,-3.5630057489999998,1.797117541,-4.924444207,-2.768856888,-4.1226848369999995,-0.894460458,-7.125682455,8.59651632,2.129790014,-6.702058628,-0.11906337800000001,1.799981928,-3.62338525,-0.0673534,0,0,437.6822070738722,60.15631907038119,0.15631907038118698,2.6822070738721777
3.140025238,8.086846871,4.640792053,-4.141286919,-7.497397900000001,-1.8544937030000002,-7.248230665,3.742032015,-1.5427458840000001,8.518261841000001,-8.274224574,0.987411417,4.888977279,9.748957513999999,3.413921848,8.414041717,11.32143619,3.154679409,-8.891808336,-7.415561402000001,5.972037078,-0.11395465,-1.336870108,-7.784776742000001,5.416540459,5.025977934,-9.052651863,-0.640094223,4.099595528,5.90318584,-1.10003726,-3.1251797999999997,2.322571533,8.049753864,-5.161116656,9.566547794,-0.9218311579999999,9.636841403,-5.074086123,-4.619761551,3.234151935,10.30711986,0.5309860270000001,5.945880171000001,1.222790267,-8.19045962,-2.486003302,4.354440932,-3.502088839,0.555983689,-3.2917003210000004,-1.3915559480000002,-6.431899968,10.29931573,4.247245812,-5.195052694,1.361006575,1.779027123,-2.110987514,0.13467216099999998,0,0,266.54157928203193,59.322599657950335,14.322599657950335,11.541579282031933
2.463270937,7.450780054,3.612366732,-4.751377458,-4.610813738,-1.9473841440000002,-6.330086838,4.693344208,-0.468919177,8.998735278,-8.989247467,0.49566167,5.217584051,9.917869231000001,4.5745400919999994,10.58914779,9.52557268,4.170055621,-9.209058002999999,-6.135560486,4.726538766,0.90220075,-0.5160910470000001,-9.604239074,7.303960537000001,5.749623601000001,-8.768105548,-0.177781666,2.6092992369999997,6.361940028999999,-0.556714803,-2.012514621,3.653510815,7.630611911,-7.69053881,9.220496369,-0.404260876,7.854163995,-4.8855332460000005,-3.3782665410000003,4.263938959,9.421669733,1.76552238,5.207188508,3.248046228,-7.94575566,-2.164536449,3.1367803260000002,-3.2713955080000003,0.51409289,-2.36568695,-0.04925140099999999,-5.148307289,10.83873967,2.955503287,-6.331277366,1.7160576369999998,5.5366532379999995,-2.07433546,0.820354592,0,0,303.8856516556234,57.828236636740286,12.828236636740286,3.8856516556234055
0.9774922909999999,6.641736387999999,3.267527358,-4.525795072,-6.487775178,-2.752095088,-7.271240217999999,3.649446041,-2.272844666,8.273255435,-11.31541973,0.616428793,2.284233588,8.183771042,2.684406538,8.628428664,10.20351741,2.39471875,-9.62973213,-8.849252925,4.424969541,-0.744970364,-1.478437751,-8.594387509,4.158123163,3.903577763,-7.845195326,-0.0081155,2.5478036530000003,5.1075333060000006,-3.8678913280000002,-3.536700771,2.356566488,6.541449865,-6.72117875,8.283882599,0.005371975,7.3406893570000005,-4.64334654,-4.099062355,3.210823603,9.532521901,1.642268057,4.562997242,4.372085435,-8.895021417999999,-1.824801949,3.4332313489999997,-4.110150597,-1.215453217,-3.201401012,-0.906651419,-6.57400416,9.018028475,2.1202795819999998,-5.121244396,0.191161197,3.617903737,-5.018688587,0.666087319,0,0,278.45784963708263,69.01123501649431,9.011235016494311,8.457849637082631
3.09099296,8.713917367999999,6.330450752000001,-0.24115334,-3.492377182,-0.405987131,-3.849476329,3.933958299,0.95722033,11.03594229,-6.948872764,3.4519536160000004,7.515513102999999,12.06160724,6.434710882,9.746062749,12.80563866,5.329904259,-5.069325986,-6.0571103310000005,7.911936513,2.923688265,2.7144169939999996,-5.135570484,9.916698847000001,9.082578109,-6.493395582000001,2.022124053,6.182779279,9.879200547,0.972434128,-1.704130985,5.566578405,10.30593188,-3.886298459,10.00841078,1.3487648890000001,10.19921745,-2.742347497,0.25188054,7.039641088,12.72999312,6.411452142999999,8.407426191,6.155562074,-6.651847472,-0.21147385,5.494706914,-2.308759027,2.12602398,-0.017900676,2.865000264,-2.100255546,11.68176223,5.434205746,-4.112551052,4.571140188,4.683553327,0.429143875,3.648431719,0,0,44.46407423366006,22.09282570488251,7.092825704882511,14.464074233660057
1.261903677,8.138726902,3.7069196030000002,-4.184734584,-8.197370538,-1.44605735,-6.48641198,1.8388652559999998,-4.184632466,9.267245508,-10.19034563,0.614755034,3.0169215260000004,9.463348645,2.5346630130000003,7.887268182000001,9.136890269,2.582622632,-9.342547396,-7.737181135,5.506982541,0.096808633,-1.663720665,-7.786561589,5.482092774,4.069742608,-9.719928975,-1.29067733,2.6425165219999998,5.106839476,-1.509400742,-4.067050891,2.591560545,6.223131513999999,-6.816074853,8.630493412,-1.2855021309999999,7.476920839,-5.999997147,-3.5145508000000003,2.548126663,7.968910944,3.2218780560000004,4.9764659589999996,2.07879463,-10.086443199999998,-1.129021536,1.675274758,-4.722345981,-0.8752206379999999,-3.582413398,-1.3668273880000001,-6.594536434,9.901245182,2.9558962510000004,-6.687653517,-0.056021209,2.064164674,-3.845096396,0.062102780999999996,0,0,277.6268685875299,68.16817350700175,8.168173507001754,7.626868587529884
2.33648531,9.30159192,4.7066049219999995,-4.506166441,-4.486170382,-1.7912101740000002,-6.584553977000001,3.7893852789999998,-2.0335355059999998,7.235134995,-7.600966388,0.04301627400000001,2.841016145,10.50918616,4.630655162,8.727045329,11.30003162,4.632573446,-8.764156167000001,-6.433818735,6.302197442000001,0.8889699329999999,-0.9579048859999999,-6.785107992,7.306339818,5.984054487000001,-7.803098127999999,-0.03113459,3.1925783880000003,6.571993205,-0.453556687,-1.750548971,4.158497473,8.595407154,-7.193639878,8.984500919,-1.240233787,8.317578144,-4.5938407230000005,-1.0746025209999999,5.508496394,9.752543487,2.905239187,6.381042747,3.464306001,-7.391806731,-1.081376675,3.3554539360000004,-2.064800447,-1.620754056,-2.384607745,-0.153633896,-3.435213095,9.349616713,3.53650376,-5.030280076,2.456804153,5.644607605,-3.353757846,2.913143872,0,0,300.5243419164262,51.42942527990711,6.429425279907107,0.5243419164261809
0.154550634,8.065133037999999,4.89589987,-4.665248378,-5.968667922000001,-2.248264376,-7.539204431,2.840515737,-1.858478431,8.080626844,-10.74042582,-0.045328812,3.709983242,9.545654642999999,3.74582656,7.816602344,9.090165861000001,2.589841515,-9.63902549,-8.498766474,4.218385965,-2.506918737,-1.388758355,-8.455982083,4.486279259,4.779571237,-8.836922145,0.51581949,1.756591187,6.381827372,-1.1745537,-3.383329602,2.112804894,5.932988958999999,-7.013092164,7.324228151,-1.811357691,7.657242204,-6.195978952999999,-3.4531872960000003,4.345769566,9.907307423999999,1.137435789,5.270138655,2.121750185,-9.500287627999999,-2.499759606,2.269323602,-3.957367055,-2.097898832,-3.933644665,-0.7422394179999999,-5.705907815,9.464129283,2.4451721330000002,-6.235322534,0.08754172199999999,2.61007736,-3.7486330760000004,0.973254555,0,0,387.3285422299005,74.51152215445255,14.51152215445255,12.328542229900506
-0.144808032,5.189801844,3.092885298,-5.024274595,-7.342082987,-2.9674001710000004,-7.316418914,1.989571978,-3.804384714,8.602105386,-9.309494287,-0.901961749,2.8301207639999997,7.038601582,1.3247300359999998,8.993552544,9.57545061,3.211808735,-10.98457368,-11.13573013,3.73600687,-1.746754341,-2.3150640719999998,-8.969010343999999,5.114133794,4.216635223,-10.05994098,-0.753477918,1.380177996,3.2422890539999996,-1.1158895340000001,-4.63061257,1.8329666130000002,5.18695288,-7.015238747000001,6.93249721,-1.969799778,6.05252177,-5.36851418,-2.527453103,2.004348353,7.321436908,0.523764528,4.003029908999999,0.625612799,-8.101438153,-1.508051565,2.5141805219999998,-6.403890712000001,-1.978841745,-3.8184641289999997,-2.69276204,-6.989086189,7.611257837,0.15446880300000002,-7.736299692,-0.551710035,2.952269143,-5.420323832,0.646844862,0,0,358.8929315468068,53.074055415599226,8.074055415599226,13.892931546806778
-1.9557739330000001,6.317758037000001,2.525433035,-6.416987495,-9.136028572999999,-4.695194191000001,-8.065563528,1.136072778,-5.359912621,7.294439057000001,-12.13796165,-2.79243885,0.640964822,7.509288925,1.85729413,5.137421867,7.50618576,0.612633422,-10.78108947,-10.24544476,2.7005314310000004,-3.1474633360000004,-3.227735398,-10.80005935,2.659815018,1.150893452,-10.63127573,-1.9393201,0.9531744520000001,4.087249106,-4.771970846,-5.004730671,1.130189962,3.9009329810000004,-9.413147031,5.957413709,-2.078240572,5.0210816430000005,-6.285577032000001,-4.730719906,2.19544847,7.655780803,1.035031922,3.27712755,0.491050127,-9.954823741,-2.618017226,2.225086042,-4.839182897,-2.31668614,-5.47009517,-2.8314007080000003,-7.687202954,8.179218229,0.7991019770000001,-7.871330404,-0.760220287,2.5749433230000003,-5.161798887,-0.25649522199999997,0,0,302.76917377423763,37.731345387128606,7.731345387128606,2.769173774237629
-1.743421036,6.390694411,2.98627821,-4.521715614,-8.667553325,-2.603217693,-9.332735541,1.269446716,-2.950506204,6.561246157999999,-11.30149089,-0.8976116279999999,2.3085956690000002,9.425028397,2.326070466,9.513474881,8.771206399,2.13392231,-10.68901487,-8.563601615,4.100802063,-0.300791183,-2.591013788,-8.083529456,4.191130414,5.62736613,-8.908791498,-0.7341198170000001,0.967937341,5.18592143,-4.561075317,-4.205253343,0.762029434,5.176706412,-6.381196307000001,8.130612917999999,-1.98961987,6.024761477999999,-6.057833813999999,-4.95585414,2.097920894,8.254443335,1.988017409,3.4905575989999997,2.753696718,-9.758523582999999,-3.1271266960000004,3.117610978,-5.261534193999999,-1.510917174,-4.113972242,-0.058843796,-6.959563879,9.318359118,1.934875064,-6.275839415,0.883205754,2.977059945,-3.0746560869999997,1.165562011,0,0,327.55507020602977,58.11825950617209,13.118259506172087,12.555070206029768
0.188309145,6.31785357,2.442340369,-6.043219521,-7.094384413999999,-3.008744392,-8.046950178,3.202369092,-3.6450924189999996,7.545918736,-9.452939798,-0.946778351,1.452717544,9.116466881000001,2.430289142,7.251982777,8.177346997999999,1.070134844,-11.16380241,-9.829010562999999,4.18225786,-2.479563198,-1.443083196,-9.343068346,4.112533598,3.36888698,-10.01171712,-1.201662638,2.097309866,4.72634217,-1.820133442,-4.9713314660000005,2.37939174,4.033625772,-8.744675187,6.898872015,-3.82016223,5.1781998830000004,-7.328256877,-3.535707562,1.557613039,7.651979227999999,0.6860629779999999,3.720801411,0.774368528,-10.01075385,-2.153556093,1.8479529319999999,-5.315246711,-1.737226462,-5.508029272999999,-2.594019605,-7.00255776,7.2558665829999995,0.9679569159999999,-7.66089579,-0.9776170820000001,2.106955786,-5.034525008,0.31659887,0,0,485.12685415650697,52.38958399776875,7.389583997768753,5.126854156506965
2.171315285,8.494531136,5.274592625,-4.201707893,-4.922489136,-1.10288091,-7.549482221,2.401345671,-1.08573087,9.860789302,-8.480540261,0.974468103,3.301294061,9.815096443,3.760598285,9.618258228,11.10208528,3.143310032,-8.03772459,-6.7240410939999995,4.77588727,-1.713213387,-0.017542861,-7.924236942,4.456676733,6.5481943629999995,-7.748676931,0.320070249,2.029830393,5.937507247,-2.519235541,-3.481282437,2.623861904,5.741383204,-6.122724573999999,9.328724699999999,-0.735566877,9.161563082999999,-4.169547136,-3.249089555,4.357480903,10.41032104,1.636285424,6.4789349000000005,2.17338557,-9.032819849,-1.321857627,5.477362281,-3.254349163,0.949054957,-3.5166985360000003,1.050212776,-5.037786124,10.51405954,3.481949843,-4.795957218,0.646392915,3.922295857,-3.231462945,2.31032358,0,0,357.1385999476455,57.47610438099953,12.47610438099953,12.138599947645503
-0.134147341,6.787316132999999,3.4167273760000003,-6.1923930810000005,-7.809462215,-3.591667077,-8.524001804,0.957414423,-4.312246758,6.352024473999999,-10.73165223,-1.6248284469999998,2.7697102769999997,9.25950222,2.021519054,5.467968715,7.070641577000001,1.409264686,-9.93120047,-8.749698455,4.207826219,-1.0845879390000002,-2.9200504,-9.404991331,5.205078536,4.626806548,-8.963747881,-1.4768368859999998,1.59772566,4.9293386439999995,-2.327923224,-3.7041968,1.044399754,4.9836449,-7.896544847,7.395055408999999,-1.776603481,7.09327895,-7.250209955,-4.672503397,2.975059842,7.024519434,1.5806189240000001,4.829667207,1.5243560719999998,-10.20657228,-3.651742568,2.311957186,-4.209541991,-0.576410389,-3.963713766,-2.088631281,-7.308492684,8.070748065,1.8327595840000002,-7.749019529,-0.781561875,1.3860953059999999,-4.185469852,-0.140853222,0,0,469.89134108532363,55.44852040366265,10.448520403662648,4.891341085323631
-0.088443761,7.248239922000001,0.896656758,-5.720598653,-8.893857355,-2.690017852,-7.853805662999999,1.1467603690000001,-2.925393212,8.314407937,-10.33869682,-0.7545369000000001,0.916800834,7.2644796529999995,2.546698519,7.997173759,8.476150189,2.488750404,-11.47725886,-9.107855685,5.24181583,-2.507842429,-1.6146073890000001,-9.249608945,5.105723434,3.0194763360000003,-9.823751755,-1.7523108859999998,2.576566321,5.709859609,-2.735770954,-3.8159257739999997,1.4838664430000001,5.7327938970000005,-7.315003536,8.049182247000001,-2.21703523,3.183050087,-5.91016398,-4.045095515,2.804909583,8.221565651,0.064903751,4.673378429,0.599592266,-9.5944453,-1.929939771,2.855255932,-4.79341049,-1.171680627,-4.729151152,-1.3151294279999999,-6.68917885,8.438944613,1.012573419,-7.3946242810000005,-0.736140337,1.852388647,-5.251493788,1.5038986069999998,0,0,382.47155790792493,53.80869479426454,8.80869479426454,7.471557907924932
1.452629329,7.267769355,4.814163408,-6.637920001,-6.622020257000001,-2.357956219,-8.796227776,2.130806756,-3.738761631,7.026793849,-10.18899756,-0.35788101299999997,3.157040484,9.810060145,2.46916348,6.876701518,7.9758474,2.383771033,-11.59035334,-8.850902137,4.416209881,-2.345606427,-0.963632183,-8.790045106,4.405391208,5.018124932,-9.93486695,-1.0396569690000002,2.7617004780000003,4.013615499,-2.922099572,-4.373125741,1.3568330259999999,5.281616362,-7.853366979,7.98001862,-1.517853696,6.785652975,-5.9923842039999995,-2.43711288,3.2144823689999997,9.161038623,2.325667326,3.2736858239999997,0.055763229000000004,-9.587504884,-1.922330464,3.078570804,-3.9401198089999996,0.652502365,-4.424581269,-3.23305555,-8.082689635,7.461246419,1.424917468,-7.578264578,0.31434245899999996,2.237516124,-5.359270694,-1.027723274,0,0,361.38560094921525,58.585431549962095,13.585431549962095,1.3856009492152452
0.946081152,8.516505087999999,3.49136643,-4.734105437,-6.982283241,-2.593695803,-7.276583474,2.881524905,-2.730439125,8.140151535,-10.21955803,2.679604394,3.868642584,8.473121712000001,2.7938975960000003,8.846475423,8.556545022,0.738335307,-9.939602614,-8.038951433,5.577799741000001,-0.470056281,-1.792411014,-8.687496036,6.397267739,4.853948821,-8.606554812,-1.725590565,1.8661598519999998,5.527495582,-0.7618786120000001,-2.36067486,3.05819451,5.991340814,-8.026093797,6.130485346,-1.255500058,6.562639418,-6.005128247000001,-3.036237593,3.378857649,8.985083102,2.237709012,5.315010638,1.87577749,-8.381508654,-1.416372594,2.8428048560000003,-4.196975096,-0.331694525,-2.890768206,-0.940710339,-5.309031996,10.43651539,2.019452965,-6.977122435,1.4651084540000001,3.9495243060000003,-4.625349148,0.946862614,0,0,246.94136069568728,67.87477002120578,7.8747700212057765,6.94136069568728
1.637070616,7.02618914,4.9023054980000005,-4.816084438,-5.683208984,-2.468279538,-6.965318675,2.472671616,-3.5886853760000004,8.239239989,-8.436935658,0.297855136,3.5447602889999996,8.476170332,3.982219689,9.501431911000001,10.52943363,3.147945707,-9.748608362,-7.383917619,3.6772324810000003,0.612509984,-2.7274681989999996,-7.00753875,4.270023093,4.415146361000001,-8.426922933,0.116752674,1.903752352,5.337591664,-1.563675931,-4.84834721,3.106056703,6.923989403999999,-7.591885287,7.760173664,-0.123381319,8.418173872,-5.22063944,-2.112687867,2.199012031,9.042056632000001,1.414498869,4.87415401,3.159181465,-7.57178176,-0.579241109,3.680089629,-4.494949632,-0.0711914,-2.871295201,0.108216665,-5.233085697,10.54098485,4.326620459,-5.811193795,1.6965147580000002,1.868154795,-3.993101937,0.12444478699999999,0,0,282.65317109306375,65.13890631706215,5.138906317062151,12.653171093063747
0.13938247199999998,6.57131987,3.22085223,-5.530849017,-8.546127927999999,-3.4843083619999997,-7.30970354,1.127572767,-4.209862543,8.220940919,-9.989511091,-1.241330025,1.898157846,7.769565308,2.163346804,6.772029037,7.376652737000001,3.4223781410000003,-12.50276737,-7.052403418,2.917351552,-1.39472898,-2.261973156,-9.449490492,3.28069681,4.479770233,-10.06396903,-1.3013300209999998,1.4443086580000002,5.899757177000001,-1.374953122,-2.892176117,0.122101525,5.611618562,-8.648853762,7.806834437000001,-2.233054903,7.0131309989999995,-6.805546387000001,-5.273084974,-0.371511585,8.411622218,0.385357685,4.2834515369999995,-0.600524309,-8.511824699,-2.869225947,2.58120875,-3.507653584,-0.658122027,-4.761096977,-2.713090409,-6.160935457999999,8.126435455,1.421393607,-8.298266391,1.758499665,2.529098307,-5.144117432,1.743403906,0,0,354.5992851578423,51.31310851519305,6.313108515193051,9.599285157842303
-0.9005295790000001,5.329326235,2.614696077,-5.531514209,-7.483096827000001,-5.214413985,-7.805453728,3.034963678,-3.308493871,6.143522029,-10.52312175,-1.561802699,1.124746058,7.049615124,1.712172054,6.627248324,7.956567145,1.188738639,-11.50657723,-9.558011267000001,2.813445508,-0.446326816,-3.479485475,-9.98845829,4.586490811,3.95001493,-10.080927599999999,-2.824677313,1.040276453,4.752025871,-2.280341581,-4.029437626,1.467487606,4.73791737,-9.748115403,6.155184405,-3.2249452,4.474521736,-6.997942619,-4.383089648,1.5890105959999998,7.856186502999999,1.7126909080000001,4.293630223,-0.205446787,-9.900480565,-2.8885859739999997,0.505814933,-4.421968661,-4.0623528669999995,-4.974852039,-2.708437168,-6.569806689,9.445689061,1.030882806,-8.034049499,0.34612105299999996,1.637205344,-6.803944106,-0.220087485,0,0,350.03214988927783,43.11219454314113,13.112194543141129,5.032149889277832
-0.117387166,5.496671206,4.04844448,-6.661305865,-8.737211586,-4.677691256,-7.65437304,1.034727706,-4.659497523,6.608071385,-8.69553031,-0.97661923,3.096488767,7.863899524,0.9338778059999999,5.812469993,7.679368169,0.661426593,-11.9584175,-10.18425633,2.598344874,-3.042503926,-3.27587495,-9.638942508,3.682029373,2.820570052,-11.00707313,-3.172468218,2.73720317,4.747432698,-2.410943207,-4.967296834,1.377421777,4.814728991,-8.881946617999999,6.294840499,-2.238482622,5.112543308,-7.670268578,-5.387957298,0.270340739,7.743825178,0.084379463,4.069077475,0.839533255,-9.871726821000001,-3.865459558,0.750793478,-5.2439104610000005,-0.592679864,-4.955577007,-2.426686613,-8.199930927,8.04890661,-0.385676175,-9.438259626,-0.177713521,0.364361709,-5.956328732,0.9941929359999999,0,0,314.1281367134419,39.582552909420315,9.582552909420315,14.128136713441904
2.82910314,8.593334345,4.251232181000001,-3.502894985,-5.687157094,-2.102877851,-5.420173547,4.192549219,-3.366081605,9.343611285,-7.735085343,0.27728228,4.963930403,8.580725823,3.655013615,8.995382451000001,9.700937437,2.038935218,-8.431153132,-7.372362675,5.120718978,-0.25974880899999997,-1.6521649809999999,-6.6347471879999995,5.680407051,5.849029988,-8.189289048,-0.103004535,3.9900011980000003,6.040381357999999,-0.651036875,-2.68619178,1.0895905240000001,8.691749965,-5.882144535,8.637113287,0.302775175,6.99833311,-4.36287739,-2.623166765,3.484779656,9.665463319,2.293600787,6.255445827999999,1.9979905980000001,-7.551550416,-2.412721743,3.6666061739999996,-3.102434614,-0.296887801,-2.508019699,-1.239313595,-5.2975342969999994,10.71061241,2.642129171,-4.7502748619999995,2.6659287380000003,4.667017829,-3.7600862139999998,0.6319865410000001,0,0,317.3493203684798,61.39181163443118,1.3918116344311784,2.349320368479823
1.75098575,9.05987178,3.819725637,-4.304858896,-6.796425181,-1.163214783,-5.704487656,3.0257693160000003,-2.567926603,9.380920003,-8.267449508,1.377969266,4.06768268,11.26538773,4.962497968,7.750389196,9.225690807000001,2.857166916,-8.987809979,-7.861529025,5.391029651,-0.690296247,0.27745139,-9.312647901,5.83640788,6.350740299,-8.279961652999999,0.7527123509999999,3.686417703,7.569939521,-2.036256239,-2.400598853,3.8655785239999996,7.683590651,-6.948071706,8.148370658,-0.69824633,8.158548124,-5.689110632,-3.279086393,3.845361758,10.88555199,3.831285442,6.284521002999999,3.4134469430000003,-8.580031702000001,-1.17781133,3.8091217000000004,-2.575653264,0.9744658690000001,-2.82146544,-0.537863392,-5.379238426000001,9.447001496,2.000061235,-4.610891436,1.172263995,4.908407891,-2.617177015,1.5816698409999999,0,0,374.8359604833563,62.20461091693614,2.20461091693614,14.835960483356303
0.641936003,6.586088751,4.121108542,-5.2410031560000006,-6.72711467,-2.730660738,-5.901381517000001,3.609920713,-1.806714392,8.032473781,-8.802356571,0.510790384,3.657865599,9.708357094,2.72993228,6.12317731,9.195460111000001,2.8768627419999997,-11.09457073,-7.959219929,3.8940683469999997,-1.94393254,-1.911438116,-8.676183578,3.956723438,4.606135547,-8.177407836,0.41981307799999995,0.8618529840000001,4.99700454,-2.8252087439999998,-3.399358982,1.678051718,5.907765327999999,-8.491328177,6.477145338,-1.6690766730000002,6.018085932999999,-4.678667282,-2.381945981,3.11144885,8.462042296,2.520911873,5.9734373860000005,0.7431981459999999,-8.783224021,-2.257940325,2.301627552,-4.4016478789999995,-1.5011984180000002,-3.4063589739999998,-0.9769756759999999,-5.890802647,9.457361937,1.927799635,-6.478317106,1.058986235,3.808841396,-4.263406744,1.470199244,0,0,299.52064615980515,68.35783083864608,8.35783083864608,14.520646159805153
3.197485185,9.533450222,6.147665344,-2.950576015,-5.804669937999999,-1.0100503,-4.279373055,3.795747203,-2.9921924939999998,10.02798477,-7.276267552999999,1.796465957,3.8394243980000002,8.594701857,3.6300650169999997,10.21671942,10.685357699999999,5.6124055,-8.399472504,-6.806625777000001,6.795953104,0.7162878540000001,0.8348809770000001,-6.3926525970000005,6.384951547999999,7.250288939,-6.954196317999999,2.142612163,4.1913072289999995,7.671629925,0.44698420200000005,-2.346149168,4.654383121,7.217797991,-5.701774372999999,8.620497907,0.750508427,7.543500455,-4.680315076,-1.4753403019999998,3.698421854,11.50210083,5.126014823,7.260651788,4.604228302,-6.664404332,0.053217785999999996,3.861069886,-1.9023441230000002,-0.162648685,-2.3097502999999997,1.89626009,-4.131838253,12.84285197,3.431138018,-4.773723288999999,3.5522465160000003,3.964951415,-3.1601110880000003,2.682518258,0,0,213.62961005117876,40.39612695620749,10.396126956207489,3.6296100511787586
-0.506126905,4.937802734,4.4317753380000005,-4.515109582,-8.268789052999999,-3.7034444239999997,-8.642499871,2.141081757,-3.5633845010000003,8.551843803999999,-10.91858062,-0.832691574,4.081829563,8.757396518,2.98923495,6.7910785460000005,8.803114732000001,1.317219483,-10.66434167,-9.960848102,4.938210613,-1.5196227359999999,-1.464756879,-9.059431741000001,4.734002492,3.8672329910000003,-11.27232583,-1.6720412390000001,0.255517995,5.078522425,-3.3487710589999997,-4.033592332,1.863033421,5.729413156000001,-8.223828299,7.3426754889999994,-2.554526563,5.446722742,-6.424669799,-4.530710334,1.927533924,7.170132559,1.875052736,3.278280782,0.38902479700000003,-9.318303728,-3.594740882,1.773987666,-5.130140206,-0.407584851,-3.056719817,-1.626835915,-7.722380756000001,7.149820082000001,1.5363576980000002,-7.322488067,0.482581904,2.283025354,-5.343979119,0.371133325,0,0,407.3343572251012,53.82877614387589,8.828776143875892,2.3343572251012006
-0.9431765999999999,5.69800103,1.805077077,-6.911034047,-9.01015378,-5.229404257,-9.943545977000001,-0.355768475,-5.1617030239999995,5.187110669,-10.83387424,-1.141638126,0.72041085,5.515424979,2.576380688,6.350675933,5.701803148,-0.500095402,-12.53185041,-9.271676701,2.283171999,-3.150087323,-2.67448993,-9.939650459,4.168959651000001,2.215565704,-9.7791398,-2.170728185,-0.444217911,4.625248135,-3.759691333,-4.798888152,0.633203199,3.856520086,-9.689770295,6.701238796,-3.172878467,4.436388388999999,-8.589313888,-5.594121666,0.6317945389999999,6.7832070589999995,0.49193209600000004,2.60656827,0.073675851,-10.48090775,-2.102569769,2.3989338780000002,-4.834067565,-1.584622861,-5.686934472000001,-3.431015639,-8.774833382999999,6.113812601,0.8056116059999999,-9.380822294,-0.82774363,2.030191771,-6.811980611,-1.9247042380000001,0,0,193.77146291685537,31.13204440255155,1.13204440255155,13.77146291685537
3.0202367960000003,8.499800123,4.703913978,-4.4425625769999995,-4.2823819489999995,-0.627837877,-5.963466554,4.267425288,-1.736680534,9.069621211,-8.535303613,1.143424297,3.9647559360000004,11.22595612,4.593885455,9.840455687999999,10.09362527,5.183120294,-9.100853714,-6.42069438,5.854525317,0.87386132,0.63933623,-8.065111384,7.370515925,8.176557694,-7.973312689,0.563121831,3.6363562810000003,6.795254681,-0.74977576,-2.1110873530000003,4.12447549,8.291661337999999,-6.642762752,10.26962727,-1.477610593,8.573476309,-4.167981773999999,-1.415239724,4.273924431,10.79064061,4.580396853,7.728687019,3.598860777,-7.704139932,-0.218480946,4.163090933,-2.316079238,0.74812647,-1.7361807130000002,0.426587815,-4.62082284,10.95217126,3.563506362,-4.627475372,2.483494438,5.058231328,-2.263106463,2.816262875,0,0,316.0415237691615,46.667755725067146,1.6677557250671455,1.041523769161472
-0.6447252179999999,5.915848782,3.696980506,-4.352819385,-6.375948235,-3.365304979,-8.750426919,2.667157186,-2.857700419,9.55686858,-10.81914964,-0.20877953600000002,2.4292645,9.609602552,1.441915465,6.698217846,7.764660546,0.36425799700000006,-10.25541205,-8.612880587000001,4.562353936,-0.849372247,-1.597586507,-8.925229648,4.076976895,5.923773099,-8.829190487,0.296481522,1.9300731119999999,5.911574921000001,-4.087654736,-3.582210936,1.1543392209999999,6.297997702999999,-8.636084177999999,7.564200616,-1.95558488,7.7278778070000005,-5.5102548339999995,-4.460071635,4.539498647,9.48053373,2.58077322,5.335447289,1.093960753,-10.29338931,-3.6235199710000003,3.662000796,-2.980750493,-2.542198975,-3.797945632,0.605984019,-7.513765058,11.733158300000001,1.702687052,-6.593659046,-0.7552894259999999,3.85925616,-4.525764548,1.031510973,0,0,253.7439732235635,58.707361597394794,13.707361597394794,13.7439732235635
-1.353587475,5.7732483310000005,3.810133299,-6.980080628,-8.854764937,-3.972151336,-8.117944635,0.63278816,-5.337937053,6.93893497,-10.61064143,-0.883831335,2.012660935,7.4263204,3.1920464319999997,8.341166167,8.655788747999999,0.810832014,-10.77861934,-9.677478517,2.737815918,-1.07700461,-3.3166225989999996,-10.22427314,4.111159084,3.484521893,-10.0687267,0.23774666600000002,1.762899669,2.3458717780000002,-2.305962358,-3.3378384760000004,1.502651575,4.42264579,-7.656955002,6.718917159,-2.247929664,5.888655127000001,-6.105164026000001,-4.45152368,-0.080894824,7.70889805,1.1485326279999999,4.935815656,0.422504704,-9.457981596,-3.1118764810000004,2.114098806,-5.182630655,-1.869655742,-3.6873570019999997,-1.3497093430000002,-7.63500413,7.980246015,0.211770916,-6.725057532,-0.7906331590000001,2.280182688,-4.699538445,0.22029764699999999,0,0,388.6227130519158,47.33541771368897,2.335417713688969,13.62271305191581
4.574456391,10.83150008,5.472052023,-3.1787753039999997,-5.849080949,-0.045606844,-6.544997852000001,4.010026604,-1.00555672,10.86473118,-8.819593458,1.23309757,3.6300400589999997,11.59698775,4.431656684,8.725723959,10.39604064,4.361052852,-8.082478774,-5.443779217,5.80843157,-0.15971892199999999,0.552944062,-6.536752192000001,4.904704663,6.648981045,-6.6232097979999995,1.375283764,4.168793568,6.7823421239999995,-0.43344702700000004,-2.260485445,2.41487954,7.532330186,-6.444308119,9.980504579,0.804525275,8.882826761,-6.843632682999999,-2.8268055380000003,4.002536869,11.45395715,3.883334745,5.925441666,4.385506014,-7.538749441,-0.16085296699999999,5.509608714,-1.311386998,0.8394780559999999,-2.7297700060000003,-0.585730716,-3.7113541139999997,11.74763374,5.131831873,-5.945771972,0.7791225540000001,3.9778453789999997,-1.571522591,0.8812450999999999,0,0,229.9131699639388,43.441358076616396,13.441358076616396,4.913169963938799
1.41288207,6.433760083999999,5.560721667999999,-4.268401876,-5.0853170930000005,-2.116367166,-6.033716462,5.250701983,-1.599589455,8.88096932,-8.86759138,1.605144162,4.885132082,10.12478855,3.557359082,9.029760569,10.28037376,3.5681012869999997,-7.783030611,-7.563131713,5.135010614,0.42288225700000004,0.12110908699999999,-7.659564981,6.042149095,6.692132316,-6.863670318,1.5273407069999998,3.866140132,7.407566137000001,-1.7422120859999999,-1.56590291,3.497903382,6.852084552999999,-7.25893705,7.993698586,-0.862991721,6.693318862999999,-4.727200898,-1.620904554,3.805798965,10.26581172,3.514212288,6.698882961,3.633135172,-7.8830048129999994,-1.5172044569999998,4.1208148069999995,-2.001579904,0.095753831,-3.5238638860000004,0.766391478,-5.486806825,11.35616199,3.4487159939999996,-4.9729187,1.747959349,3.155990845,-1.938349668,3.148820338,0,0,381.7574834970528,56.434095334322826,11.434095334322826,6.757483497052817
3.062051725,8.848862178,5.501521727,-2.799159272,-4.516477416,-1.130713621,-6.974511086000001,4.415034268,-3.0923233619999997,8.369101419,-8.476271074,1.330282495,3.5337533039999998,7.832657932999999,3.551555563,9.019755813,10.63106552,2.773358303,-8.369904319,-7.9525156,3.929261055,1.074311938,-0.23352111399999997,-6.430047942000001,5.4122271820000005,6.131377421,-8.956880515,2.162512145,3.33845964,5.974689128,0.017903753,-1.4958436780000002,3.545369598,6.783300767,-5.774819971,8.701227974,-0.957227924,7.594207018,-3.291357918,-2.1387493419999997,2.294490303,11.55478951,2.575978903,4.847503655,3.91598246,-8.19866294,-0.653458643,3.216262038,-4.418627115,0.7483229370000001,-2.1453306,-0.356762621,-5.522006255,10.71376086,2.873012933,-5.583942155,2.756860477,5.090551455,-3.5604338610000004,0.550216545,0,0,291.9499123537759,54.44979914960403,9.449799149604033,6.949912353775915
-1.2675969470000001,8.50995546,3.185624358,-5.494253681,-6.546258999,-2.5366265269999997,-9.025337691,0.19427823600000002,-2.916380718,8.129062094,-10.56768816,-1.56700793,1.3771204559999999,9.133056749,2.306842944,8.130665022,9.13623178,3.5555428019999997,-12.30842664,-8.582953049,4.061730206,-0.41612894200000006,-2.192928148,-8.628923125,3.78470245,4.4074776710000005,-10.16366644,-0.30391766600000003,0.957295789,4.6205892230000005,-2.235732964,-3.789431195,1.707917208,5.44027083,-8.328045683,8.479616982000001,-1.8232041680000002,6.647138643,-7.200055252,-4.179397712,1.4251510280000002,9.328711406,2.0021380669999997,4.028012026,2.222607629,-9.956306742999999,-3.304136632,2.322907767,-4.520450403,-1.3704314290000001,-4.930646305,-1.9158252119999999,-6.071060425,8.273812117,3.059896055,-6.3919293260000005,-0.7482073690000001,2.3458358880000003,-4.253350322,0.534671581,0,0,376.46891010118253,58.912384461464725,13.912384461464725,1.46891010118253
3.240549913,7.563311886,4.859170034,-3.830878827,-5.914265107,-1.070574943,-6.395073692,4.467254121,-2.2632481380000002,9.624006804,-7.28499786,0.719608592,3.457267652,9.797599747000001,4.6609624489999995,9.946339424,9.463160747,3.135008918,-8.733424715,-5.927231667,6.157330332000001,0.855886015,0.77067084,-5.949045562999999,5.631429087000001,5.775211626,-6.345699363,-0.72913068,2.345285631,6.5764364660000005,-1.039838639,-2.305346425,4.375665465,7.654026024,-6.757837032,8.151751469,0.592174263,8.211902445,-5.25245207,-2.380686446,4.501700445,10.38903759,2.58338752,6.147327634,3.631172442,-6.4429737529999995,-0.07977856400000001,3.9774821339999997,-3.3591168839999996,0.663317269,-2.124091227,-0.139100379,-6.502738251,10.98211366,4.754276524,-4.344883333,2.172153674,4.916565372,-2.8505439999999997,1.959834324,0,0,328.52923580144574,52.88087302409402,7.880873024094022,13.529235801445736
1.0098247679999999,7.236274589,3.3303477999999997,-5.463828231,-5.143018995,-4.226461585,-6.7844307420000005,0.492870034,-3.2965218039999997,8.86144755,-9.816629107999999,-1.615394196,1.732873184,9.963006468,4.164989908,8.498886889,7.630458696,1.848610881,-10.5661713,-7.322994102000001,2.9343723460000004,0.185928533,-2.4716256580000002,-9.193663523,4.262145159,4.055203975,-8.371260145,-1.139666164,1.4443171769999998,5.554017722999999,-2.197474208,-3.9148261339999997,1.672924545,5.695239147000001,-8.60415454,7.23800688,-1.147605446,7.968860874,-6.568947562000001,-4.425812573,2.9089381010000004,9.228409263,2.441239018,2.9978190760000003,0.548836062,-9.039085939,-3.767233705,2.277785183,-3.1651887789999997,-1.486457783,-3.329051919,-1.924950915,-7.976652535,8.105781447,2.5507795769999997,-7.9527604489999995,0.462957675,2.651143863,-5.072198465,1.085490082,0,0,324.1748542753623,59.18145288211523,14.18145288211523,9.174854275362293
0.990981398,6.78055396,2.884639265,-4.490085697,-6.382498904,-2.8606900110000004,-7.040393062000001,2.817779634,-3.880945863,8.472131132000001,-8.946548932,0.054246137,1.5136427190000001,9.024408064,1.7840442769999998,7.7857664689999995,9.222436135,2.30774349,-10.41619064,-8.390020903,3.896283447,-1.298520834,-1.8745671030000002,-8.455828664,3.8868525430000003,4.839727609,-7.501771056,-1.5022892140000002,2.032793366,5.2555232830000005,-2.8134971089999996,-3.598437438,1.807997209,4.558756721,-9.69772606,7.523556515,-2.6589169459999997,6.228378594,-5.796689962,-4.5690828,2.54348268,10.00370524,0.37469135,2.405175066,2.325298728,-8.253811992000001,-2.554847096,2.589322515,-2.77602,-0.342722023,-4.998194606,-1.55848826,-6.588482127000001,8.733531114,2.2145618380000003,-6.486996912,0.8738424890000001,5.095067885,-4.323022429,0.31366016,0,0,339.0438615668885,63.23630193830106,3.236301938301061,9.043861566888495
-1.648796946,5.4298196260000005,3.8243655889999997,-5.654696857999999,-7.953768509,-2.239069361,-7.774228183,1.7662142369999998,-5.657689635,7.282380406000001,-9.582398593999999,-1.237594007,2.013352761,8.842463803,1.91024689,6.671614973,6.806406324,0.7973570720000001,-11.43716646,-10.49788311,1.605517487,-2.989157675,-2.35710286,-10.34683606,3.309205373,3.008924069,-10.11523726,-2.19752502,1.086991094,2.8914152680000003,-4.030457565,-5.308011207,0.38676504899999997,4.991016482,-8.148047562999999,6.43762856,-1.697015559,4.777238497,-7.243688631,-4.689573493999999,2.60749064,7.656791659,-0.608095824,2.7074816439999996,0.046631242999999996,-9.94482635,-3.68781372,1.1592808270000001,-4.158428046,-1.3763850309999999,-4.930863274,-2.46415413,-7.052875002,7.422139945,-0.38706940100000004,-8.607330194,-1.495581281,1.3457718419999998,-5.289300161,-0.323847092,0,0,344.8151728112894,40.442924564197746,10.442924564197746,14.815172811289415
2.595561929,8.929900014,4.805603336,-3.883356772,-5.686182368,-0.36104648,-6.214578904,3.863068531,-2.307851588,10.32982386,-9.414759662,1.221942835,4.794966627,10.02836743,4.772145857,8.540302808,9.565318057999999,3.177164486,-8.317602089,-6.955741682,6.094967323,1.076353816,0.7267305479999999,-7.6156660039999995,6.75116152,5.853101876,-8.551002443,0.024113417,3.789187367,7.077511256,-2.519339904,-3.0248013019999997,3.584490522,8.410030309,-6.74697976,8.131690328,0.257833628,8.346846637999999,-3.232528569,-3.8099205489999997,4.709908414,11.08206267,4.093858258,3.6567665560000004,3.961122891,-7.888905822999999,-2.109900703,4.323162934,-2.895688578,1.56942672,-2.2826711680000003,1.015522141,-4.766868425,10.56593206,4.075824378,-5.162254008000001,1.08410771,3.828070077,-3.28470924,1.5011150169999998,0,0,348.4507463907172,54.78397677099441,9.783976770994407,3.4507463907171996
2.435339333,7.78121901,5.3911375370000005,-3.977851859,-5.82325789,-2.267172778,-7.150526824,3.612270299,-3.1721064930000002,10.59861417,-8.27702341,1.8137295230000001,3.4215736939999997,8.996710622,4.2826782,8.488242422,8.77772687,3.8065116939999997,-11.03077694,-7.442959717999999,4.929914832,1.404193562,-0.8528861609999999,-8.677347778,6.253016841,4.90125551,-7.570619144,1.2023904029999999,2.0235259130000003,6.1167727329999995,-2.487003908,-3.638233187,2.072822757,7.788214808999999,-7.404003229,8.100483633,1.107425246,7.043238965,-4.466012939,-2.135035072,2.936274182,9.443910731,2.568683762,5.793680628,3.027726157,-8.365105513,-0.005490561999999999,3.2719775189999996,-2.557141574,-0.257592239,-2.35497186,1.090516069,-5.109729693,10.719993800000001,2.236056828,-6.7195461210000005,2.23465385,4.310179348999999,-3.545786555,2.002186863,0,0,302.55026997052664,62.06919611403087,2.0691961140308734,2.5502699705266423
0.340325237,7.179483514,4.096223633999999,-4.141141793,-7.923845453999999,-1.9374510130000002,-5.85002709,3.333124783,-3.2368784319999997,10.01953235,-9.453979851,0.741916327,3.5135952460000004,8.721067957999999,2.942976788,8.405511816,8.656684058,1.308050769,-10.27730455,-9.582492577,5.307537031,-1.305738402,0.489124058,-9.00680608,4.084816185,5.406507995,-8.498146736,1.182633784,3.016618461,4.792349595,-1.7256999869999998,-3.439035222,2.543216979,7.4802160429999995,-7.587107737999999,7.396505788,0.293423891,5.923660298,-5.018961162,-2.797051235,4.037000628,9.888791217,1.336060089,5.632552894,2.495789858,-9.21908909,-2.71668817,2.889195113,-4.784620545,-0.42722275299999996,-3.217000879,-1.85389463,-5.35745237,8.552191804,1.177386911,-6.636975929,1.33654629,3.8756638239999996,-5.031586116000001,1.7063487609999999,0,0,249.03052387430208,66.4526538479039,6.452653847903903,9.030523874302077
0.936235087,7.29700172,3.787882953,-5.098843053,-5.353504762,-2.067297474,-7.5511493000000005,2.1016203190000002,-2.853694501,8.514165981,-8.646050618,0.36378809,2.65427655,9.355977631,3.273039774,7.346798596,9.18609169,3.227112051,-10.04665437,-8.437988751,4.021714783999999,0.9156677240000001,-2.016092642,-8.617015376,5.073459253,5.762177424,-8.948522293,-0.8501142490000001,2.4995486330000003,7.559402738999999,-2.605212573,-2.9809291410000003,2.397275195,5.960575716,-8.375542686000001,7.494877298,-0.792349723,6.123003395,-4.589463413,-2.017767925,4.277211397,9.013164467000001,2.07251183,4.065549273,2.27773056,-9.088670518999999,-2.182992423,3.339587218,-2.959067492,0.5569691689999999,-4.0800511010000005,-0.922253819,-5.808209635,9.107934064,0.848549235,-5.856604798999999,0.281591528,3.1203531339999997,-3.271796301,2.493033852,0,0,330.5260276840533,69.3462001694426,9.346200169442596,0.5260276840533038
1.118426033,8.701929872000001,4.170330268,-3.6147574430000002,-6.295350464,-1.418130961,-5.5707645260000005,3.295917263,-1.784035096,9.700887705,-8.901010149,0.9389338340000001,4.849496564,9.458797652000001,2.783217637,8.823370716,10.92349732,3.7258700730000003,-10.88826289,-8.034849723999999,6.21766946,0.343872202,-1.9364120519999999,-6.791274861000001,5.029395138,4.82452186,-8.306917811,0.763974114,3.6376046160000004,5.302224576,-0.511520466,-1.415430965,3.333077112,7.209521887999999,-7.0803437670000005,7.914272372999999,-0.9294295840000001,7.8072716710000005,-4.995272926,-2.8086121160000004,2.49332815,11.01361875,2.358980024,6.4343247020000005,3.065559773,-7.711111784,-0.482454665,2.716506705,-4.849536079,-0.5093949320000001,-4.193503709,-0.760326912,-4.576746176,10.96133384,3.4001830789999996,-5.437732494,1.638413846,4.791225127,-3.990554714,-0.34788976899999996,0,0,307.87966107126124,61.03099889903214,1.0309988990321415,7.879661071261239
3.366707505,7.81671993,4.815433486,-2.688021061,-5.322506317,-0.666926782,-6.019224317000001,5.296812722,-1.365306559,9.545506156,-7.964624799999999,2.222252222,4.489359713,11.12955984,3.5279622839999996,8.887556649,11.68999486,3.539813915,-8.399529797000001,-7.811601211,6.263244512000001,0.814677442,1.9851618009999998,-7.965580097,7.225008607,7.730972231,-7.423521335,1.610598767,2.538584338,7.322592147000001,-0.95566337,-2.738508517,3.917504628,7.332768272000001,-5.21873767,9.560180651,-1.1158119020000001,8.627081339,-4.848397619,-1.8480962719999998,5.959702097999999,9.97739145,4.593508922,5.67248213,3.941645443,-6.770349332,-1.053402121,4.007502115,-2.909580067,0.937038065,-2.536679935,2.050468929,-4.044645915,11.34916335,3.940334234,-5.92697425,0.5035510089999999,4.558930195,-3.657883791,2.9155522819999997,0,0,281.92975124682107,45.79270712241987,0.7927071224198698,11.92975124682107
2.085229563,8.213507545,4.7359726019999995,-4.398510515,-5.882873692,-2.2168975090000003,-7.147473252999999,4.41187223,-2.4766979069999997,10.21183947,-9.616150338999999,0.925644275,3.461392013,8.35876759,4.801839998,9.069655657,9.497651494,3.24432583,-9.122138918,-7.300124885,4.7972808239999996,0.21579009100000002,0.76218489,-6.628437896,6.243515835,5.3402892,-8.569627503,0.562605151,2.22267453,7.068700282999999,-1.887674114,-3.5831348569999997,3.826211934,6.3564004,-7.581393691000001,9.249387122,-1.077775707,7.292905713,-4.4470119210000005,-3.301397962,4.9527136480000005,12.14690798,2.723025326,3.723310592,2.1784951340000003,-9.488153189,-1.595805277,4.634365645,-4.065410853,0.38856883799999997,-3.8925412639999997,-0.578278105,-5.765480432,9.546605969,3.890816599,-4.534163158999999,1.7573036380000002,4.164392073999999,-4.219691343,1.736991549,0,0,322.3396723487346,63.48656724979927,3.486567249799272,7.339672348734609
